scenario,mode,s7Position,s7Closed,zenerPath,zenerFraction,zenerVolt,diodeDropVolt,rectifierDropVolt,seriesOhm,thresholdPeakVolt,thresholdRmsVolt,ueRms,peakVolt,conductionDuty,averageExcessVolt,averageCurrentAmp,peakCurrentAmp,c11SlopeVoltPerSecond
limiter_low_drop,limiter,drawn_17_to_18,17-18,ZL10 active,1,10,0.2,0.4,51000,10.6,7.495331880577403,0,0,0,0,0,0,0
limiter_low_drop,limiter,drawn_17_to_18,17-18,ZL10 active,1,10,0.2,0.4,51000,10.6,7.495331880577403,0.25,0.3535533905932738,0,0,0,0,0
limiter_low_drop,limiter,drawn_17_to_18,17-18,ZL10 active,1,10,0.2,0.4,51000,10.6,7.495331880577403,0.5,0.7071067811865476,0,0,0,0,0
limiter_low_drop,limiter,drawn_17_to_18,17-18,ZL10 active,1,10,0.2,0.4,51000,10.6,7.495331880577403,0.75,1.0606601717798214,0,0,0,0,0
limiter_low_drop,limiter,drawn_17_to_18,17-18,ZL10 active,1,10,0.2,0.4,51000,10.6,7.495331880577403,1,1.4142135623730951,0,0,0,0,0
limiter_low_drop,limiter,drawn_17_to_18,17-18,ZL10 active,1,10,0.2,0.4,51000,10.6,7.495331880577403,1.25,1.7677669529663689,0,0,0,0,0
limiter_low_drop,limiter,drawn_17_to_18,17-18,ZL10 active,1,10,0.2,0.4,51000,10.6,7.495331880577403,1.5,2.121320343559643,0,0,0,0,0
limiter_low_drop,limiter,drawn_17_to_18,17-18,ZL10 active,1,10,0.2,0.4,51000,10.6,7.495331880577403,1.75,2.4748737341529163,0,0,0,0,0
limiter_low_drop,limiter,drawn_17_to_18,17-18,ZL10 active,1,10,0.2,0.4,51000,10.6,7.495331880577403,2,2.8284271247461903,0,0,0,0,0
limiter_low_drop,limiter,drawn_17_to_18,17-18,ZL10 active,1,10,0.2,0.4,51000,10.6,7.495331880577403,2.25,3.1819805153394642,0,0,0,0,0
limiter_low_drop,limiter,drawn_17_to_18,17-18,ZL10 active,1,10,0.2,0.4,51000,10.6,7.495331880577403,2.5,3.5355339059327378,0,0,0,0,0
limiter_low_drop,limiter,drawn_17_to_18,17-18,ZL10 active,1,10,0.2,0.4,51000,10.6,7.495331880577403,2.75,3.8890872965260117,0,0,0,0,0
limiter_low_drop,limiter,drawn_17_to_18,17-18,ZL10 active,1,10,0.2,0.4,51000,10.6,7.495331880577403,3,4.242640687119286,0,0,0,0,0
limiter_low_drop,limiter,drawn_17_to_18,17-18,ZL10 active,1,10,0.2,0.4,51000,10.6,7.495331880577403,3.25,4.59619407771256,0,0,0,0,0
limiter_low_drop,limiter,drawn_17_to_18,17-18,ZL10 active,1,10,0.2,0.4,51000,10.6,7.495331880577403,3.5,4.949747468305833,0,0,0,0,0
limiter_low_drop,limiter,drawn_17_to_18,17-18,ZL10 active,1,10,0.2,0.4,51000,10.6,7.495331880577403,3.75,5.303300858899107,0,0,0,0,0
limiter_low_drop,limiter,drawn_17_to_18,17-18,ZL10 active,1,10,0.2,0.4,51000,10.6,7.495331880577403,4,5.656854249492381,0,0,0,0,0
limiter_low_drop,limiter,drawn_17_to_18,17-18,ZL10 active,1,10,0.2,0.4,51000,10.6,7.495331880577403,4.25,6.0104076400856545,0,0,0,0,0
limiter_low_drop,limiter,drawn_17_to_18,17-18,ZL10 active,1,10,0.2,0.4,51000,10.6,7.495331880577403,4.5,6.3639610306789285,0,0,0,0,0
limiter_low_drop,limiter,drawn_17_to_18,17-18,ZL10 active,1,10,0.2,0.4,51000,10.6,7.495331880577403,4.75,6.7175144212722016,0,0,0,0,0
limiter_low_drop,limiter,drawn_17_to_18,17-18,ZL10 active,1,10,0.2,0.4,51000,10.6,7.495331880577403,5,7.0710678118654755,0,0,0,0,0
limiter_low_drop,limiter,drawn_17_to_18,17-18,ZL10 active,1,10,0.2,0.4,51000,10.6,7.495331880577403,5.25,7.4246212024587495,0,0,0,0,0
limiter_low_drop,limiter,drawn_17_to_18,17-18,ZL10 active,1,10,0.2,0.4,51000,10.6,7.495331880577403,5.5,7.778174593052023,0,0,0,0,0
limiter_low_drop,limiter,drawn_17_to_18,17-18,ZL10 active,1,10,0.2,0.4,51000,10.6,7.495331880577403,5.75,8.131727983645296,0,0,0,0,0
limiter_low_drop,limiter,drawn_17_to_18,17-18,ZL10 active,1,10,0.2,0.4,51000,10.6,7.495331880577403,6,8.485281374238571,0,0,0,0,0
limiter_low_drop,limiter,drawn_17_to_18,17-18,ZL10 active,1,10,0.2,0.4,51000,10.6,7.495331880577403,6.25,8.838834764831844,0,0,0,0,0
limiter_low_drop,limiter,drawn_17_to_18,17-18,ZL10 active,1,10,0.2,0.4,51000,10.6,7.495331880577403,6.5,9.19238815542512,0,0,0,0,0
limiter_low_drop,limiter,drawn_17_to_18,17-18,ZL10 active,1,10,0.2,0.4,51000,10.6,7.495331880577403,6.75,9.545941546018392,0,0,0,0,0
limiter_low_drop,limiter,drawn_17_to_18,17-18,ZL10 active,1,10,0.2,0.4,51000,10.6,7.495331880577403,7,9.899494936611665,0,0,0,0,0
limiter_low_drop,limiter,drawn_17_to_18,17-18,ZL10 active,1,10,0.2,0.4,51000,10.6,7.495331880577403,7.25,10.25304832720494,0,0,0,0,0
limiter_low_drop,limiter,drawn_17_to_18,17-18,ZL10 active,1,10,0.2,0.4,51000,10.6,7.495331880577403,7.5,10.606601717798213,0.02246249516351073,0.00009885865135607312,1.9384049285504533e-9,1.2944544702379634e-7,0.0000038768098571009066
limiter_low_drop,limiter,drawn_17_to_18,17-18,ZL10 active,1,10,0.2,0.4,51000,10.6,7.495331880577403,7.75,10.960155108391488,0.16365453632768145,0.03925063076752919,7.696202111280233e-7,0.000007061864870421342,0.0015392404222560464
limiter_low_drop,limiter,drawn_17_to_18,17-18,ZL10 active,1,10,0.2,0.4,51000,10.6,7.495331880577403,8,11.313708498984761,0.22733327281314164,0.10793552473836482,0.000002116382838007153,0.000013994284293818854,0.0042327656760143065
limiter_low_drop,limiter,drawn_17_to_18,17-18,ZL10 active,1,10,0.2,0.4,51000,10.6,7.495331880577403,8.25,11.667261889578034,0.2744186978567378,0.19464238378246584,0.000003816517329067958,0.000020926703717216365,0.007633034658135915
limiter_low_drop,limiter,drawn_17_to_18,17-18,ZL10 active,1,10,0.2,0.4,51000,10.6,7.495331880577403,8.5,12.020815280171309,0.31265866487296556,0.29495258722966705,0.000005783384063326805,0.00002785912314061391,0.01156676812665361
limiter_low_drop,limiter,drawn_17_to_18,17-18,ZL10 active,1,10,0.2,0.4,51000,10.6,7.495331880577403,8.75,12.374368670764582,0.345133476890501,0.40624161319015256,0.000007965521827257893,0.00003479154256401142,0.015931043654515788
limiter_low_drop,limiter,drawn_17_to_18,17-18,ZL10 active,1,10,0.2,0.4,51000,10.6,7.495331880577403,9,12.727922061357857,0.37345593325100823,0.5267137188975263,0.000010327719978382868,0.00004172396198740897,0.020655439956765734
limiter_low_drop,limiter,drawn_17_to_18,17-18,ZL10 active,1,10,0.2,0.4,51000,10.6,7.495331880577403,9.25,13.08147545195113,0.39860162425268975,0.655043825760423,0.000012843996583537706,0.00004865638141080648,0.025687993167075412
limiter_low_drop,limiter,drawn_17_to_18,17-18,ZL10 active,1,10,0.2,0.4,51000,10.6,7.495331880577403,9.5,13.435028842544403,0.42121658214537006,0.7902066843550382,0.000015494248712843887,0.00005558880083420399,0.030988497425687773
limiter_low_drop,limiter,drawn_17_to_18,17-18,ZL10 active,1,10,0.2,0.4,51000,10.6,7.495331880577403,9.75,13.788582233137678,0.4417561073189178,0.9313827137713699,0.000018262406152379804,0.00006252122025760154,0.03652481230475961
limiter_low_drop,limiter,drawn_17_to_18,17-18,ZL10 active,1,10,0.2,0.4,51000,10.6,7.495331880577403,10,14.142135623730951,0.46055602924892036,1.077900896635408,0.00002113531169873349,0.00006945363968099905,0.04227062339746698
limiter_low_drop,limiter,drawn_17_to_18,17-18,ZL10 active,1,10,0.2,0.4,51000,10.6,7.495331880577403,10.25,14.495689014324226,0.47787280674708077,1.229201700035893,0.000024101994118350843,0.0000763860591043966,0.04820398823670168
limiter_low_drop,limiter,drawn_17_to_18,17-18,ZL10 active,1,10,0.2,0.4,51000,10.6,7.495331880577403,10.5,14.849242404917499,0.4939077109560356,1.3848117337921135,0.000027153171250825755,0.00008331847852779411,0.054306342501651506
limiter_low_drop,limiter,drawn_17_to_18,17-18,ZL10 active,1,10,0.2,0.4,51000,10.6,7.495331880577403,10.75,15.202795795510772,0.508822221154408,1.5443257267299884,0.000030280896602548792,0.00009025089795119162,0.06056179320509758
limiter_low_drop,limiter,drawn_17_to_18,17-18,ZL10 active,1,10,0.2,0.4,51000,10.6,7.495331880577403,11,15.556349186104047,0.5227482632431505,1.707393293319334,0.00003347829986900655,0.00009718331737458916,0.0669565997380131
limiter_low_drop,limiter,drawn_17_to_18,17-18,ZL10 active,1,10,0.2,0.4,51000,10.6,7.495331880577403,11.25,15.90990257669732,0.5357952673008569,1.8737089619498941,0.00003673939141078224,0.00010411573679798666,0.07347878282156448
limiter_low_drop,limiter,drawn_17_to_18,17-18,ZL10 active,1,10,0.2,0.4,51000,10.6,7.495331880577403,11.5,16.263455967290593,0.548055180880618,2.043004497192793,0.00004005891170966261,0.00011104815622138419,0.08011782341932522
limiter_low_drop,limiter,drawn_17_to_18,17-18,ZL10 active,1,10,0.2,0.4,51000,10.6,7.495331880577403,11.75,16.61700935788387,0.5596061222563704,2.21504287990588,0.000043432213331487844,0.00011798057564478177,0.08686442666297568
limiter_low_drop,limiter,drawn_17_to_18,17-18,ZL10 active,1,10,0.2,0.4,51000,10.6,7.495331880577403,12,16.970562748477143,0.5705151016596977,2.3896135133960175,0.000046855166929333676,0.00012491299506817928,0.09371033385866735
limiter_low_drop,limiter,drawn_17_to_18,17-18,ZL10 active,1,10,0.2,0.4,51000,10.6,7.495331880577403,12.25,17.324116139070416,0.5808400872943442,2.566528354439374,0.0000503240853811642,0.00013184541449157679,0.1006481707623284
limiter_low_drop,limiter,drawn_17_to_18,17-18,ZL10 active,1,10,0.2,0.4,51000,10.6,7.495331880577403,12.5,17.67766952966369,0.5906316003201538,2.7456187540331594,0.00005383566184378744,0.0001387778339149743,0.10767132368757487
limiter_low_drop,limiter,drawn_17_to_18,17-18,ZL10 active,1,10,0.2,0.4,51000,10.6,7.495331880577403,12.75,18.031222920256962,0.5999339645003241,2.9267328510309625,0.00005738691864766593,0.0001457102533383718,0.11477383729533186
limiter_low_drop,limiter,drawn_17_to_18,17-18,ZL10 active,1,10,0.2,0.4,51000,10.6,7.495331880577403,13,18.38477631085024,0.6087862982134382,3.109733402215163,0.000060975164749316916,0.0001526426727617694,0.12195032949863382
limiter_low_drop,limiter,drawn_17_to_18,17-18,ZL10 active,1,10,0.2,0.4,51000,10.6,7.495331880577403,13.25,18.73832970144351,0.6172233112449612,3.294495960957653,0.0000645979600187775,0.0001595750921851669,0.129195920037555
limiter_low_drop,limiter,drawn_17_to_18,17-18,ZL10 active,1,10,0.2,0.4,51000,10.6,7.495331880577403,13.5,19.091883092036785,0.6252759515707355,3.480907337241512,0.00006825308504395121,0.00016650751160856442,0.13650617008790242
limiter_low_drop,limiter,drawn_17_to_18,17-18,ZL10 active,1,10,0.2,0.4,51000,10.6,7.495331880577403,13.75,19.445436482630058,0.6329719354106891,3.6688642869342107,0.00007193851543008257,0.00017343993103196193,0.14387703086016512
limiter_low_drop,limiter,drawn_17_to_18,17-18,ZL10 active,1,10,0.2,0.4,51000,10.6,7.495331880577403,14,19.79898987322333,0.6403361854032474,3.858272389453292,0.00007565239979320181,0.00018037235045535943,0.1513047995864036
limiter_low_drop,limiter,drawn_17_to_18,17-18,ZL10 active,1,10,0.2,0.4,51000,10.6,7.495331880577403,14.25,20.152543263816607,0.6473911957029617,4.049045081450575,0.00007939304081275636,0.00018730476987875703,0.15878608162551272
limiter_low_drop,limiter,drawn_17_to_18,17-18,ZL10 active,1,10,0.2,0.4,51000,10.6,7.495331880577403,14.5,20.50609665440988,0.6541573383995632,4.241102820619794,0.00008315887883568224,0.00019423718930215454,0.16631775767136447
limiter_low_drop,limiter,drawn_17_to_18,17-18,ZL10 active,1,10,0.2,0.4,51000,10.6,7.495331880577403,14.75,20.859650045003153,0.6606531224059545,4.434372358734629,0.00008694847762224763,0.00020116960872555205,0.17389695524449525
limiter_low_drop,limiter,drawn_17_to_18,17-18,ZL10 active,1,10,0.2,0.4,51000,10.6,7.495331880577403,15,21.213203435596427,0.6668954135336527,4.628786106925702,0.00009076051190050397,0.00020810202814894956,0.18152102380100793
limiter_low_drop,limiter,drawn_17_to_18,17-18,ZL10 active,1,10,0.2,0.4,51000,10.6,7.495331880577403,15.25,21.5667568261897,0.6728996226384305,4.824281579276934,0.00009459375645641047,0.00021503444757234707,0.18918751291282093
limiter_low_drop,limiter,drawn_17_to_18,17-18,ZL10 active,1,10,0.2,0.4,51000,10.6,7.495331880577403,15.5,21.920310216782976,0.6786798673168322,5.020800903261209,0.00009844707653453351,0.00022196686699574463,0.19689415306906702
limiter_low_drop,limiter,drawn_17_to_18,17-18,ZL10 active,1,10,0.2,0.4,51000,10.6,7.495331880577403,15.75,22.27386360737625,0.6842491115529176,5.218290387487993,0.00010231941936250968,0.00022889928641914214,0.20463883872501934
limiter_low_drop,limiter,drawn_17_to_18,17-18,ZL10 active,1,10,0.2,0.4,51000,10.6,7.495331880577403,16,22.627416997969522,0.6896192868730604,5.416700138810394,0.00010620980664334106,0.00023583170584253965,0.2124196132866821
limiter_nominal,limiter,drawn_17_to_18,17-18,ZL10 active,1,10,0.3,1,51000,11.3,7.990306627407987,0,0,0,0,0,0,0
limiter_nominal,limiter,drawn_17_to_18,17-18,ZL10 active,1,10,0.3,1,51000,11.3,7.990306627407987,0.25,0.3535533905932738,0,0,0,0,0
limiter_nominal,limiter,drawn_17_to_18,17-18,ZL10 active,1,10,0.3,1,51000,11.3,7.990306627407987,0.5,0.7071067811865476,0,0,0,0,0
limiter_nominal,limiter,drawn_17_to_18,17-18,ZL10 active,1,10,0.3,1,51000,11.3,7.990306627407987,0.75,1.0606601717798214,0,0,0,0,0
limiter_nominal,limiter,drawn_17_to_18,17-18,ZL10 active,1,10,0.3,1,51000,11.3,7.990306627407987,1,1.4142135623730951,0,0,0,0,0
limiter_nominal,limiter,drawn_17_to_18,17-18,ZL10 active,1,10,0.3,1,51000,11.3,7.990306627407987,1.25,1.7677669529663689,0,0,0,0,0
limiter_nominal,limiter,drawn_17_to_18,17-18,ZL10 active,1,10,0.3,1,51000,11.3,7.990306627407987,1.5,2.121320343559643,0,0,0,0,0
limiter_nominal,limiter,drawn_17_to_18,17-18,ZL10 active,1,10,0.3,1,51000,11.3,7.990306627407987,1.75,2.4748737341529163,0,0,0,0,0
limiter_nominal,limiter,drawn_17_to_18,17-18,ZL10 active,1,10,0.3,1,51000,11.3,7.990306627407987,2,2.8284271247461903,0,0,0,0,0
limiter_nominal,limiter,drawn_17_to_18,17-18,ZL10 active,1,10,0.3,1,51000,11.3,7.990306627407987,2.25,3.1819805153394642,0,0,0,0,0
limiter_nominal,limiter,drawn_17_to_18,17-18,ZL10 active,1,10,0.3,1,51000,11.3,7.990306627407987,2.5,3.5355339059327378,0,0,0,0,0
limiter_nominal,limiter,drawn_17_to_18,17-18,ZL10 active,1,10,0.3,1,51000,11.3,7.990306627407987,2.75,3.8890872965260117,0,0,0,0,0
limiter_nominal,limiter,drawn_17_to_18,17-18,ZL10 active,1,10,0.3,1,51000,11.3,7.990306627407987,3,4.242640687119286,0,0,0,0,0
limiter_nominal,limiter,drawn_17_to_18,17-18,ZL10 active,1,10,0.3,1,51000,11.3,7.990306627407987,3.25,4.59619407771256,0,0,0,0,0
limiter_nominal,limiter,drawn_17_to_18,17-18,ZL10 active,1,10,0.3,1,51000,11.3,7.990306627407987,3.5,4.949747468305833,0,0,0,0,0
limiter_nominal,limiter,drawn_17_to_18,17-18,ZL10 active,1,10,0.3,1,51000,11.3,7.990306627407987,3.75,5.303300858899107,0,0,0,0,0
limiter_nominal,limiter,drawn_17_to_18,17-18,ZL10 active,1,10,0.3,1,51000,11.3,7.990306627407987,4,5.656854249492381,0,0,0,0,0
limiter_nominal,limiter,drawn_17_to_18,17-18,ZL10 active,1,10,0.3,1,51000,11.3,7.990306627407987,4.25,6.0104076400856545,0,0,0,0,0
limiter_nominal,limiter,drawn_17_to_18,17-18,ZL10 active,1,10,0.3,1,51000,11.3,7.990306627407987,4.5,6.3639610306789285,0,0,0,0,0
limiter_nominal,limiter,drawn_17_to_18,17-18,ZL10 active,1,10,0.3,1,51000,11.3,7.990306627407987,4.75,6.7175144212722016,0,0,0,0,0
limiter_nominal,limiter,drawn_17_to_18,17-18,ZL10 active,1,10,0.3,1,51000,11.3,7.990306627407987,5,7.0710678118654755,0,0,0,0,0
limiter_nominal,limiter,drawn_17_to_18,17-18,ZL10 active,1,10,0.3,1,51000,11.3,7.990306627407987,5.25,7.4246212024587495,0,0,0,0,0
limiter_nominal,limiter,drawn_17_to_18,17-18,ZL10 active,1,10,0.3,1,51000,11.3,7.990306627407987,5.5,7.778174593052023,0,0,0,0,0
limiter_nominal,limiter,drawn_17_to_18,17-18,ZL10 active,1,10,0.3,1,51000,11.3,7.990306627407987,5.75,8.131727983645296,0,0,0,0,0
limiter_nominal,limiter,drawn_17_to_18,17-18,ZL10 active,1,10,0.3,1,51000,11.3,7.990306627407987,6,8.485281374238571,0,0,0,0,0
limiter_nominal,limiter,drawn_17_to_18,17-18,ZL10 active,1,10,0.3,1,51000,11.3,7.990306627407987,6.25,8.838834764831844,0,0,0,0,0
limiter_nominal,limiter,drawn_17_to_18,17-18,ZL10 active,1,10,0.3,1,51000,11.3,7.990306627407987,6.5,9.19238815542512,0,0,0,0,0
limiter_nominal,limiter,drawn_17_to_18,17-18,ZL10 active,1,10,0.3,1,51000,11.3,7.990306627407987,6.75,9.545941546018392,0,0,0,0,0
limiter_nominal,limiter,drawn_17_to_18,17-18,ZL10 active,1,10,0.3,1,51000,11.3,7.990306627407987,7,9.899494936611665,0,0,0,0,0
limiter_nominal,limiter,drawn_17_to_18,17-18,ZL10 active,1,10,0.3,1,51000,11.3,7.990306627407987,7.25,10.25304832720494,0,0,0,0,0
limiter_nominal,limiter,drawn_17_to_18,17-18,ZL10 active,1,10,0.3,1,51000,11.3,7.990306627407987,7.5,10.606601717798213,0,0,0,0,0
limiter_nominal,limiter,drawn_17_to_18,17-18,ZL10 active,1,10,0.3,1,51000,11.3,7.990306627407987,7.75,10.960155108391488,0,0,0,0,0
limiter_nominal,limiter,drawn_17_to_18,17-18,ZL10 active,1,10,0.3,1,51000,11.3,7.990306627407987,8,11.313708498984761,0.03134234177505557,0.00028642606798569953,5.616197411484305e-9,2.6879409774040103e-7,0.000011232394822968609
limiter_nominal,limiter,drawn_17_to_18,17-18,ZL10 active,1,10,0.3,1,51000,11.3,7.990306627407987,8.25,11.667261889578034,0.16015645160623815,0.03917145120715388,7.680676707285075e-7,0.000007201213521137912,0.001536135341457015
limiter_nominal,limiter,drawn_17_to_18,17-18,ZL10 active,1,10,0.3,1,51000,11.3,7.990306627407987,8.5,12.020815280171309,0.22158205090774408,0.10626389144957421,0.0000020836057146975334,0.000014133632944535458,0.004167211429395067
limiter_nominal,limiter,drawn_17_to_18,17-18,ZL10 active,1,10,0.3,1,51000,11.3,7.990306627407987,8.75,12.374368670764582,0.26724138088688254,0.1908447903173691,0.000003742054712105276,0.00002106605236793297,0.007484109424210552
limiter_nominal,limiter,drawn_17_to_18,17-18,ZL10 active,1,10,0.3,1,51000,11.3,7.990306627407987,9,12.727922061357857,0.3044493382300658,0.2887061522839677,0.000005660904946744464,0.000027998471791330516,0.011321809893488929
limiter_nominal,limiter,drawn_17_to_18,17-18,ZL10 active,1,10,0.3,1,51000,11.3,7.990306627407987,9.25,13.08147545195113,0.3361345804743052,0.39733681079783023,0.000007790917858780984,0.000034930891214728026,0.015581835717561969
limiter_nominal,limiter,drawn_17_to_18,17-18,ZL10 active,1,10,0.3,1,51000,11.3,7.990306627407987,9.5,13.435028842544403,0.3638348757881684,0.5150129325796792,0.000010098292795679983,0.000041863310638125536,0.020196585591359967
limiter_nominal,limiter,drawn_17_to_18,17-18,ZL10 active,1,10,0.3,1,51000,11.3,7.990306627407987,9.75,13.788582233137678,0.38848182658256214,0.6404587702313058,0.000012558015102574624,0.000048795730061523086,0.02511603020514925
limiter_nominal,limiter,drawn_17_to_18,17-18,ZL10 active,1,10,0.3,1,51000,11.3,7.990306627407987,10,14.142135623730951,0.4106929232630012,0.7726844592773202,0.000015150675672104318,0.000055728149484920596,0.030301351344208634
limiter_nominal,limiter,drawn_17_to_18,17-18,ZL10 active,1,10,0.3,1,51000,11.3,7.990306627407987,10.25,14.495689014324226,0.4309036608483193,0.9108965115304762,0.00001786071591236228,0.00006266056890831815,0.03572143182472456
limiter_nominal,limiter,drawn_17_to_18,17-18,ZL10 active,1,10,0.3,1,51000,11.3,7.990306627407987,10.5,14.849242404917499,0.44943545882719227,1.0544434935718716,0.000020675362619056308,0.00006959298833171566,0.04135072523811262
limiter_nominal,limiter,drawn_17_to_18,17-18,ZL10 active,1,10,0.3,1,51000,11.3,7.990306627407987,10.75,15.202795795510772,0.46653391776098585,1.202780734798085,0.000023583935976433038,0.00007652540775511317,0.04716787195286607
limiter_nominal,limiter,drawn_17_to_18,17-18,ZL10 active,1,10,0.3,1,51000,11.3,7.990306627407987,11,15.556349186104047,0.48239190433336543,1.3554461932920656,0.00002657737633906011,0.0000834578271785107,0.05315475267812022
limiter_nominal,limiter,drawn_17_to_18,17-18,ZL10 active,1,10,0.3,1,51000,11.3,7.990306627407987,11.25,15.90990257669732,0.4971642536766284,1.5120432799271797,0.000029647907449552542,0.00009039024660190823,0.059295814899105084
limiter_nominal,limiter,drawn_17_to_18,17-18,ZL10 active,1,10,0.3,1,51000,11.3,7.990306627407987,11.5,16.263455967290593,0.5109775489126113,1.6722282380516795,0.00003278878898140548,0.00009732266602530574,0.06557757796281097
limiter_nominal,limiter,drawn_17_to_18,17-18,ZL10 active,1,10,0.3,1,51000,11.3,7.990306627407987,11.75,16.61700935788387,0.5239368632581649,1.835700625479616,0.00003599412991136502,0.00010425508544870331,0.07198825982273004
limiter_nominal,limiter,drawn_17_to_18,17-18,ZL10 active,1,10,0.3,1,51000,11.3,7.990306627407987,12,16.970562748477143,0.5361305496227253,2.0021959788905646,0.000039258744684128716,0.00011118750487210082,0.07851748936825743
limiter_nominal,limiter,drawn_17_to_18,17-18,ZL10 active,1,10,0.3,1,51000,11.3,7.990306627407987,12.25,17.324116139070416,0.5476337310179415,2.171480055914552,0.000042578040312050035,0.00011811992429549833,0.08515608062410007
limiter_nominal,limiter,drawn_17_to_18,17-18,ZL10 active,1,10,0.3,1,51000,11.3,7.990306627407987,12.5,17.67766952966369,0.5585109006066182,2.3433442444554147,0.00004594792636187088,0.00012505234371889586,0.09189585272374176
limiter_nominal,limiter,drawn_17_to_18,17-18,ZL10 active,1,10,0.3,1,51000,11.3,7.990306627407987,12.75,18.031222920256962,0.5688178957988941,2.5176018529407482,0.00004936474221452448,0.00013198476314229337,0.09872948442904896
limiter_nominal,limiter,drawn_17_to_18,17-18,ZL10 active,1,10,0.3,1,51000,11.3,7.990306627407987,13,18.38477631085024,0.5786034223659552,2.694085076994795,0.00005282519758813323,0.00013891718256569093,0.10565039517626645
limiter_nominal,limiter,drawn_17_to_18,17-18,ZL10 active,1,10,0.3,1,51000,11.3,7.990306627407987,13.25,18.73832970144351,0.5879102486592138,2.872642493413909,0.00005632632340027273,0.00014584960198908844,0.11265264680054546
limiter_nominal,limiter,drawn_17_to_18,17-18,ZL10 active,1,10,0.3,1,51000,11.3,7.990306627407987,13.5,19.091883092036785,0.5967761537243642,3.0531369707138247,0.00005986543079831029,0.00015278202141248595,0.11973086159662058
limiter_nominal,limiter,drawn_17_to_18,17-18,ZL10 active,1,10,0.3,1,51000,11.3,7.990306627407987,13.75,19.445436482630058,0.605234688938679,3.235443912689045,0.00006344007671939303,0.00015971444083588346,0.12688015343878606
limiter_nominal,limiter,drawn_17_to_18,17-18,ZL10 active,1,10,0.3,1,51000,11.3,7.990306627407987,14,19.79898987322333,0.6133157963631566,3.4194497710163994,0.00006704803472581176,0.00016664686025928097,0.1340960694516235
limiter_nominal,limiter,drawn_17_to_18,17-18,ZL10 active,1,10,0.3,1,51000,11.3,7.990306627407987,14.25,20.152543263816607,0.6210463155979806,3.6050507772981937,0.00007068727014310184,0.00017357927968267856,0.14137454028620366
limiter_nominal,limiter,drawn_17_to_18,17-18,ZL10 active,1,10,0.3,1,51000,11.3,7.990306627407987,14.5,20.50609665440988,0.6284504028774658,3.792151855629653,0.00007435591873783633,0.00018051169910607607,0.14871183747567265
limiter_nominal,limiter,drawn_17_to_18,17-18,ZL10 active,1,10,0.3,1,51000,11.3,7.990306627407987,14.75,20.859650045003153,0.6355498803624846,3.9806656848386566,0.00007805226833016973,0.00018744411852947358,0.15610453666033947
limiter_nominal,limiter,drawn_17_to_18,17-18,ZL10 active,1,10,0.3,1,51000,11.3,7.990306627407987,15,21.213203435596427,0.6423645293808702,4.170511885703545,0.00008177474285693225,0.0001943765379528711,0.1635494857138645
limiter_nominal,limiter,drawn_17_to_18,17-18,ZL10 active,1,10,0.3,1,51000,11.3,7.990306627407987,15.25,21.5667568261897,0.648912338261136,4.3616163132103605,0.0000855218884943208,0.0002013089573762686,0.1710437769886416
limiter_nominal,limiter,drawn_17_to_18,17-18,ZL10 active,1,10,0.3,1,51000,11.3,7.990306627407987,15.5,21.920310216782976,0.6552097130848262,4.553910437621426,0.00008929236152198875,0.0002082413767996662,0.1785847230439775
limiter_nominal,limiter,drawn_17_to_18,17-18,ZL10 active,1,10,0.3,1,51000,11.3,7.990306627407987,15.75,22.27386360737625,0.6612716579295692,4.747330801049714,0.00009308491766764145,0.0002151737962230637,0.1861698353352829
limiter_nominal,limiter,drawn_17_to_18,17-18,ZL10 active,1,10,0.3,1,51000,11.3,7.990306627407987,16,22.627416997969522,0.6671119298360018,4.941818538555572,0.00009689840271677592,0.0002221062156464612,0.19379680543355185
limiter_high_drop,limiter,drawn_17_to_18,17-18,ZL10 active,1,10,0.7,1.4,51000,12.1,8.555992052357224,0,0,0,0,0,0,0
limiter_high_drop,limiter,drawn_17_to_18,17-18,ZL10 active,1,10,0.7,1.4,51000,12.1,8.555992052357224,0.25,0.3535533905932738,0,0,0,0,0
limiter_high_drop,limiter,drawn_17_to_18,17-18,ZL10 active,1,10,0.7,1.4,51000,12.1,8.555992052357224,0.5,0.7071067811865476,0,0,0,0,0
limiter_high_drop,limiter,drawn_17_to_18,17-18,ZL10 active,1,10,0.7,1.4,51000,12.1,8.555992052357224,0.75,1.0606601717798214,0,0,0,0,0
limiter_high_drop,limiter,drawn_17_to_18,17-18,ZL10 active,1,10,0.7,1.4,51000,12.1,8.555992052357224,1,1.4142135623730951,0,0,0,0,0
limiter_high_drop,limiter,drawn_17_to_18,17-18,ZL10 active,1,10,0.7,1.4,51000,12.1,8.555992052357224,1.25,1.7677669529663689,0,0,0,0,0
limiter_high_drop,limiter,drawn_17_to_18,17-18,ZL10 active,1,10,0.7,1.4,51000,12.1,8.555992052357224,1.5,2.121320343559643,0,0,0,0,0
limiter_high_drop,limiter,drawn_17_to_18,17-18,ZL10 active,1,10,0.7,1.4,51000,12.1,8.555992052357224,1.75,2.4748737341529163,0,0,0,0,0
limiter_high_drop,limiter,drawn_17_to_18,17-18,ZL10 active,1,10,0.7,1.4,51000,12.1,8.555992052357224,2,2.8284271247461903,0,0,0,0,0
limiter_high_drop,limiter,drawn_17_to_18,17-18,ZL10 active,1,10,0.7,1.4,51000,12.1,8.555992052357224,2.25,3.1819805153394642,0,0,0,0,0
limiter_high_drop,limiter,drawn_17_to_18,17-18,ZL10 active,1,10,0.7,1.4,51000,12.1,8.555992052357224,2.5,3.5355339059327378,0,0,0,0,0
limiter_high_drop,limiter,drawn_17_to_18,17-18,ZL10 active,1,10,0.7,1.4,51000,12.1,8.555992052357224,2.75,3.8890872965260117,0,0,0,0,0
limiter_high_drop,limiter,drawn_17_to_18,17-18,ZL10 active,1,10,0.7,1.4,51000,12.1,8.555992052357224,3,4.242640687119286,0,0,0,0,0
limiter_high_drop,limiter,drawn_17_to_18,17-18,ZL10 active,1,10,0.7,1.4,51000,12.1,8.555992052357224,3.25,4.59619407771256,0,0,0,0,0
limiter_high_drop,limiter,drawn_17_to_18,17-18,ZL10 active,1,10,0.7,1.4,51000,12.1,8.555992052357224,3.5,4.949747468305833,0,0,0,0,0
limiter_high_drop,limiter,drawn_17_to_18,17-18,ZL10 active,1,10,0.7,1.4,51000,12.1,8.555992052357224,3.75,5.303300858899107,0,0,0,0,0
limiter_high_drop,limiter,drawn_17_to_18,17-18,ZL10 active,1,10,0.7,1.4,51000,12.1,8.555992052357224,4,5.656854249492381,0,0,0,0,0
limiter_high_drop,limiter,drawn_17_to_18,17-18,ZL10 active,1,10,0.7,1.4,51000,12.1,8.555992052357224,4.25,6.0104076400856545,0,0,0,0,0
limiter_high_drop,limiter,drawn_17_to_18,17-18,ZL10 active,1,10,0.7,1.4,51000,12.1,8.555992052357224,4.5,6.3639610306789285,0,0,0,0,0
limiter_high_drop,limiter,drawn_17_to_18,17-18,ZL10 active,1,10,0.7,1.4,51000,12.1,8.555992052357224,4.75,6.7175144212722016,0,0,0,0,0
limiter_high_drop,limiter,drawn_17_to_18,17-18,ZL10 active,1,10,0.7,1.4,51000,12.1,8.555992052357224,5,7.0710678118654755,0,0,0,0,0
limiter_high_drop,limiter,drawn_17_to_18,17-18,ZL10 active,1,10,0.7,1.4,51000,12.1,8.555992052357224,5.25,7.4246212024587495,0,0,0,0,0
limiter_high_drop,limiter,drawn_17_to_18,17-18,ZL10 active,1,10,0.7,1.4,51000,12.1,8.555992052357224,5.5,7.778174593052023,0,0,0,0,0
limiter_high_drop,limiter,drawn_17_to_18,17-18,ZL10 active,1,10,0.7,1.4,51000,12.1,8.555992052357224,5.75,8.131727983645296,0,0,0,0,0
limiter_high_drop,limiter,drawn_17_to_18,17-18,ZL10 active,1,10,0.7,1.4,51000,12.1,8.555992052357224,6,8.485281374238571,0,0,0,0,0
limiter_high_drop,limiter,drawn_17_to_18,17-18,ZL10 active,1,10,0.7,1.4,51000,12.1,8.555992052357224,6.25,8.838834764831844,0,0,0,0,0
limiter_high_drop,limiter,drawn_17_to_18,17-18,ZL10 active,1,10,0.7,1.4,51000,12.1,8.555992052357224,6.5,9.19238815542512,0,0,0,0,0
limiter_high_drop,limiter,drawn_17_to_18,17-18,ZL10 active,1,10,0.7,1.4,51000,12.1,8.555992052357224,6.75,9.545941546018392,0,0,0,0,0
limiter_high_drop,limiter,drawn_17_to_18,17-18,ZL10 active,1,10,0.7,1.4,51000,12.1,8.555992052357224,7,9.899494936611665,0,0,0,0,0
limiter_high_drop,limiter,drawn_17_to_18,17-18,ZL10 active,1,10,0.7,1.4,51000,12.1,8.555992052357224,7.25,10.25304832720494,0,0,0,0,0
limiter_high_drop,limiter,drawn_17_to_18,17-18,ZL10 active,1,10,0.7,1.4,51000,12.1,8.555992052357224,7.5,10.606601717798213,0,0,0,0,0
limiter_high_drop,limiter,drawn_17_to_18,17-18,ZL10 active,1,10,0.7,1.4,51000,12.1,8.555992052357224,7.75,10.960155108391488,0,0,0,0,0
limiter_high_drop,limiter,drawn_17_to_18,17-18,ZL10 active,1,10,0.7,1.4,51000,12.1,8.555992052357224,8,11.313708498984761,0,0,0,0,0
limiter_high_drop,limiter,drawn_17_to_18,17-18,ZL10 active,1,10,0.7,1.4,51000,12.1,8.555992052357224,8.25,11.667261889578034,0,0,0,0,0
limiter_high_drop,limiter,drawn_17_to_18,17-18,ZL10 active,1,10,0.7,1.4,51000,12.1,8.555992052357224,8.5,12.020815280171309,0,0,0,0,0
limiter_high_drop,limiter,drawn_17_to_18,17-18,ZL10 active,1,10,0.7,1.4,51000,12.1,8.555992052357224,8.75,12.374368670764582,0.1343094530670268,0.024548617399250485,4.813454392009899e-7,0.000005379777858129069,0.0009626908784019798
limiter_high_drop,limiter,drawn_17_to_18,17-18,ZL10 active,1,10,0.7,1.4,51000,12.1,8.555992052357224,9,12.727922061357857,0.20080340596330482,0.08391937709622165,0.0000016454779822788559,0.000012312197281526615,0.003290955964557712
limiter_high_drop,limiter,drawn_17_to_18,17-18,ZL10 active,1,10,0.7,1.4,51000,12.1,8.555992052357224,9.25,13.08147545195113,0.24817610709050242,0.16197229622857798,0.000003175927377030941,0.000019244616704924125,0.006351854754061882
limiter_high_drop,limiter,drawn_17_to_18,17-18,ZL10 active,1,10,0.7,1.4,51000,12.1,8.555992052357224,9.5,13.435028842544403,0.2862100027124964,0.2538680607201577,0.000004977805112159955,0.000026177036128321638,0.00995561022431991
limiter_high_drop,limiter,drawn_17_to_18,17-18,ZL10 active,1,10,0.7,1.4,51000,12.1,8.555992052357224,9.75,13.788582233137678,0.3183695234754913,0.356888084824757,0.000006997805584799156,0.00003310945555171918,0.013995611169598313
limiter_high_drop,limiter,drawn_17_to_18,17-18,ZL10 active,1,10,0.7,1.4,51000,12.1,8.555992052357224,10,14.142135623730951,0.34637782703087505,0.46921550061329514,0.000009200303933594023,0.00004004187497511669,0.018400607867188046
limiter_high_drop,limiter,drawn_17_to_18,17-18,ZL10 active,1,10,0.7,1.4,51000,12.1,8.555992052357224,10.25,14.495689014324226,0.3712463180362223,0.5895252884443811,0.000011559319381262376,0.00004697429439851424,0.023118638762524752
limiter_high_drop,limiter,drawn_17_to_18,17-18,ZL10 active,1,10,0.7,1.4,51000,12.1,8.555992052357224,10.5,14.849242404917499,0.39363150964829297,0.7167983241708338,0.000014054869101388897,0.00005390671382191175,0.028109738202777793
limiter_high_drop,limiter,drawn_17_to_18,17-18,ZL10 active,1,10,0.7,1.4,51000,12.1,8.555992052357224,10.75,15.202795795510772,0.4139895996517523,0.8502220929575904,0.00001667102143054099,0.00006083913324530926,0.03334204286108198
limiter_high_drop,limiter,drawn_17_to_18,17-18,ZL10 active,1,10,0.7,1.4,51000,12.1,8.555992052357224,11,15.556349186104047,0.4326535986400606,0.9891317938365537,0.0000193947410556187,0.0000677715526687068,0.038789482111237394
limiter_high_drop,limiter,drawn_17_to_18,17-18,ZL10 active,1,10,0.7,1.4,51000,12.1,8.555992052357224,11.25,15.90990257669732,0.4498758264311946,1.132972712201171,0.000022215151219630805,0.00007470397209210431,0.04443030243926161
limiter_high_drop,limiter,drawn_17_to_18,17-18,ZL10 active,1,10,0.7,1.4,51000,12.1,8.555992052357224,11.5,16.263455967290593,0.4658531222159993,1.2812748141157437,0.000025123035570896936,0.00008163639151550182,0.05024607114179387
limiter_high_drop,limiter,drawn_17_to_18,17-18,ZL10 active,1,10,0.7,1.4,51000,12.1,8.555992052357224,11.75,16.61700935788387,0.4807426829773701,1.4336348434662658,0.000028110487126789525,0.00008856881093889942,0.05622097425357905
limiter_high_drop,limiter,drawn_17_to_18,17-18,ZL10 active,1,10,0.7,1.4,51000,12.1,8.555992052357224,12,16.970562748477143,0.49467248165330313,1.589703269680277,0.0000311706523466721,0.00009550123036229693,0.062341304693344195
limiter_high_drop,limiter,drawn_17_to_18,17-18,ZL10 active,1,10,0.7,1.4,51000,12.1,8.555992052357224,12.25,17.324116139070416,0.5077483827437803,1.7491745047827019,0.00003429753930946474,0.00010243364978569443,0.06859507861892948
limiter_high_drop,limiter,drawn_17_to_18,17-18,ZL10 active,1,10,0.7,1.4,51000,12.1,8.555992052357224,12.5,17.67766952966369,0.5200591573465323,1.9117794008482927,0.00003748587060486848,0.00010936606920909194,0.07497174120973696
limiter_high_drop,limiter,drawn_17_to_18,17-18,ZL10 active,1,10,0.7,1.4,51000,12.1,8.555992052357224,12.75,18.031222920256962,0.5316801130765515,2.0772793842991057,0.00004073096831959031,0.00011629848863248945,0.08146193663918061
limiter_high_drop,limiter,drawn_17_to_18,17-18,ZL10 active,1,10,0.7,1.4,51000,12.1,8.555992052357224,13,18.38477631085024,0.5426757821439654,2.2454617940098482,0.000044028662627644086,0.00012323090805588705,0.08805732525528817
limiter_high_drop,limiter,drawn_17_to_18,17-18,ZL10 active,1,10,0.7,1.4,51000,12.1,8.555992052357224,13.25,18.73832970144351,0.5531019518083486,2.416136123391968,0.000047375218105724866,0.00013016332747928456,0.09475043621144973
limiter_high_drop,limiter,drawn_17_to_18,17-18,ZL10 active,1,10,0.7,1.4,51000,12.1,8.555992052357224,13.5,19.091883092036785,0.563007224932763,2.589130953673465,0.00005076727360144049,0.00013709574690268207,0.10153454720288098
limiter_high_drop,limiter,drawn_17_to_18,17-18,ZL10 active,1,10,0.7,1.4,51000,12.1,8.555992052357224,13.75,19.445436482630058,0.572434237886595,2.764291424083293,0.00005420179262908418,0.00014402816632607957,0.10840358525816836
limiter_high_drop,limiter,drawn_17_to_18,17-18,ZL10 active,1,10,0.7,1.4,51000,12.1,8.555992052357224,14,19.79898987322333,0.5814206240509407,2.9414771249273874,0.00005767602205739975,0.00015096058574947708,0.1153520441147995
limiter_high_drop,limiter,drawn_17_to_18,17-18,ZL10 active,1,10,0.7,1.4,51000,12.1,8.555992052357224,14.25,20.152543263816607,0.5899997853933149,3.1205603278850087,0.00006118745740950998,0.00015789300517287465,0.12237491481901995
limiter_high_drop,limiter,drawn_17_to_18,17-18,ZL10 active,1,10,0.7,1.4,51000,12.1,8.555992052357224,14.5,20.50609665440988,0.5982015171386785,3.301424488183679,0.00006473381349379763,0.00016482542459627216,0.12946762698759526
limiter_high_drop,limiter,drawn_17_to_18,17-18,ZL10 active,1,10,0.7,1.4,51000,12.1,8.555992052357224,14.75,20.859650045003153,0.6060525185292642,3.483962968146408,0.00006831299937541976,0.0001717578440196697,0.13662599875083953
limiter_high_drop,limiter,drawn_17_to_18,17-18,ZL10 active,1,10,0.7,1.4,51000,12.1,8.555992052357224,15,21.213203435596427,0.6135768142088457,3.668077942599584,0.00007192309691371734,0.0001786902634430672,0.14384619382743466
limiter_high_drop,limiter,drawn_17_to_18,17-18,ZL10 active,1,10,0.7,1.4,51000,12.1,8.555992052357224,15.25,21.5667568261897,0.6207961047256385,3.8536794548930566,0.00007556234225280503,0.00018562268286646471,0.15112468450561006
limiter_high_drop,limiter,drawn_17_to_18,17-18,ZL10 active,1,10,0.7,1.4,51000,12.1,8.555992052357224,15.5,21.920310216782976,0.6277300602668192,4.040684598573462,0.00007922910977595022,0.00019255510228986228,0.15845821955190045
limiter_high_drop,limiter,drawn_17_to_18,17-18,ZL10 active,1,10,0.7,1.4,51000,12.1,8.555992052357224,15.75,22.27386360737625,0.6343965685165041,4.229016804594722,0.00008292189812930827,0.0001994875217132598,0.16584379625861653
limiter_high_drop,limiter,drawn_17_to_18,17-18,ZL10 active,1,10,0.7,1.4,51000,12.1,8.555992052357224,16,22.627416997969522,0.6408119451307474,4.418605217718514,0.00008663931799448066,0.0002064199411366573,0.17327863598896132
limiter_zener_minus10pct,limiter,drawn_17_to_18,17-18,ZL10 active,1,9,0.3,1,51000,10.3,7.283199846221439,0,0,0,0,0,0,0
limiter_zener_minus10pct,limiter,drawn_17_to_18,17-18,ZL10 active,1,9,0.3,1,51000,10.3,7.283199846221439,0.25,0.3535533905932738,0,0,0,0,0
limiter_zener_minus10pct,limiter,drawn_17_to_18,17-18,ZL10 active,1,9,0.3,1,51000,10.3,7.283199846221439,0.5,0.7071067811865476,0,0,0,0,0
limiter_zener_minus10pct,limiter,drawn_17_to_18,17-18,ZL10 active,1,9,0.3,1,51000,10.3,7.283199846221439,0.75,1.0606601717798214,0,0,0,0,0
limiter_zener_minus10pct,limiter,drawn_17_to_18,17-18,ZL10 active,1,9,0.3,1,51000,10.3,7.283199846221439,1,1.4142135623730951,0,0,0,0,0
limiter_zener_minus10pct,limiter,drawn_17_to_18,17-18,ZL10 active,1,9,0.3,1,51000,10.3,7.283199846221439,1.25,1.7677669529663689,0,0,0,0,0
limiter_zener_minus10pct,limiter,drawn_17_to_18,17-18,ZL10 active,1,9,0.3,1,51000,10.3,7.283199846221439,1.5,2.121320343559643,0,0,0,0,0
limiter_zener_minus10pct,limiter,drawn_17_to_18,17-18,ZL10 active,1,9,0.3,1,51000,10.3,7.283199846221439,1.75,2.4748737341529163,0,0,0,0,0
limiter_zener_minus10pct,limiter,drawn_17_to_18,17-18,ZL10 active,1,9,0.3,1,51000,10.3,7.283199846221439,2,2.8284271247461903,0,0,0,0,0
limiter_zener_minus10pct,limiter,drawn_17_to_18,17-18,ZL10 active,1,9,0.3,1,51000,10.3,7.283199846221439,2.25,3.1819805153394642,0,0,0,0,0
limiter_zener_minus10pct,limiter,drawn_17_to_18,17-18,ZL10 active,1,9,0.3,1,51000,10.3,7.283199846221439,2.5,3.5355339059327378,0,0,0,0,0
limiter_zener_minus10pct,limiter,drawn_17_to_18,17-18,ZL10 active,1,9,0.3,1,51000,10.3,7.283199846221439,2.75,3.8890872965260117,0,0,0,0,0
limiter_zener_minus10pct,limiter,drawn_17_to_18,17-18,ZL10 active,1,9,0.3,1,51000,10.3,7.283199846221439,3,4.242640687119286,0,0,0,0,0
limiter_zener_minus10pct,limiter,drawn_17_to_18,17-18,ZL10 active,1,9,0.3,1,51000,10.3,7.283199846221439,3.25,4.59619407771256,0,0,0,0,0
limiter_zener_minus10pct,limiter,drawn_17_to_18,17-18,ZL10 active,1,9,0.3,1,51000,10.3,7.283199846221439,3.5,4.949747468305833,0,0,0,0,0
limiter_zener_minus10pct,limiter,drawn_17_to_18,17-18,ZL10 active,1,9,0.3,1,51000,10.3,7.283199846221439,3.75,5.303300858899107,0,0,0,0,0
limiter_zener_minus10pct,limiter,drawn_17_to_18,17-18,ZL10 active,1,9,0.3,1,51000,10.3,7.283199846221439,4,5.656854249492381,0,0,0,0,0
limiter_zener_minus10pct,limiter,drawn_17_to_18,17-18,ZL10 active,1,9,0.3,1,51000,10.3,7.283199846221439,4.25,6.0104076400856545,0,0,0,0,0
limiter_zener_minus10pct,limiter,drawn_17_to_18,17-18,ZL10 active,1,9,0.3,1,51000,10.3,7.283199846221439,4.5,6.3639610306789285,0,0,0,0,0
limiter_zener_minus10pct,limiter,drawn_17_to_18,17-18,ZL10 active,1,9,0.3,1,51000,10.3,7.283199846221439,4.75,6.7175144212722016,0,0,0,0,0
limiter_zener_minus10pct,limiter,drawn_17_to_18,17-18,ZL10 active,1,9,0.3,1,51000,10.3,7.283199846221439,5,7.0710678118654755,0,0,0,0,0
limiter_zener_minus10pct,limiter,drawn_17_to_18,17-18,ZL10 active,1,9,0.3,1,51000,10.3,7.283199846221439,5.25,7.4246212024587495,0,0,0,0,0
limiter_zener_minus10pct,limiter,drawn_17_to_18,17-18,ZL10 active,1,9,0.3,1,51000,10.3,7.283199846221439,5.5,7.778174593052023,0,0,0,0,0
limiter_zener_minus10pct,limiter,drawn_17_to_18,17-18,ZL10 active,1,9,0.3,1,51000,10.3,7.283199846221439,5.75,8.131727983645296,0,0,0,0,0
limiter_zener_minus10pct,limiter,drawn_17_to_18,17-18,ZL10 active,1,9,0.3,1,51000,10.3,7.283199846221439,6,8.485281374238571,0,0,0,0,0
limiter_zener_minus10pct,limiter,drawn_17_to_18,17-18,ZL10 active,1,9,0.3,1,51000,10.3,7.283199846221439,6.25,8.838834764831844,0,0,0,0,0
limiter_zener_minus10pct,limiter,drawn_17_to_18,17-18,ZL10 active,1,9,0.3,1,51000,10.3,7.283199846221439,6.5,9.19238815542512,0,0,0,0,0
limiter_zener_minus10pct,limiter,drawn_17_to_18,17-18,ZL10 active,1,9,0.3,1,51000,10.3,7.283199846221439,6.75,9.545941546018392,0,0,0,0,0
limiter_zener_minus10pct,limiter,drawn_17_to_18,17-18,ZL10 active,1,9,0.3,1,51000,10.3,7.283199846221439,7,9.899494936611665,0,0,0,0,0
limiter_zener_minus10pct,limiter,drawn_17_to_18,17-18,ZL10 active,1,9,0.3,1,51000,10.3,7.283199846221439,7.25,10.25304832720494,0,0,0,0,0
limiter_zener_minus10pct,limiter,drawn_17_to_18,17-18,ZL10 active,1,9,0.3,1,51000,10.3,7.283199846221439,7.5,10.606601717798213,0.1534426318021993,0.031333418970939456,6.143807641360678e-7,0.000006011798388200246,0.0012287615282721355
limiter_zener_minus10pct,limiter,drawn_17_to_18,17-18,ZL10 active,1,9,0.3,1,51000,10.3,7.283199846221439,7.75,10.960155108391488,0.22208239008316244,0.0975401137060837,0.0000019125512491388962,0.000012944217811597792,0.0038251024982777922
limiter_zener_minus10pct,limiter,drawn_17_to_18,17-18,ZL10 active,1,9,0.3,1,51000,10.3,7.283199846221439,8,11.313708498984761,0.2715479494186347,0.18295352432504403,0.0000035873240063734123,0.0000198766372349953,0.007174648012746825
limiter_zener_minus10pct,limiter,drawn_17_to_18,17-18,ZL10 active,1,9,0.3,1,51000,10.3,7.283199846221439,8.25,11.667261889578034,0.31129479082073674,0.282607191319464,0.0000055413174768522355,0.000026809056658392815,0.01108263495370447
limiter_zener_minus10pct,limiter,drawn_17_to_18,17-18,ZL10 active,1,9,0.3,1,51000,10.3,7.283199846221439,8.5,12.020815280171309,0.3448401015110504,0.39364903336210416,0.00000771860849729616,0.00003374147608179036,0.01543721699459232
limiter_zener_minus10pct,limiter,drawn_17_to_18,17-18,ZL10 active,1,9,0.3,1,51000,10.3,7.283199846221439,8.75,12.374368670764582,0.3739719472828046,0.5141589711095915,0.000010081548453129245,0.00004067389550518787,0.02016309690625849
limiter_zener_minus10pct,limiter,drawn_17_to_18,17-18,ZL10 active,1,9,0.3,1,51000,10.3,7.283199846221439,9,12.727922061357857,0.39975360573924534,0.6427342339120407,0.000012602632037490994,0.00004760631492858542,0.025205264074981987
limiter_zener_minus10pct,limiter,drawn_17_to_18,17-18,ZL10 active,1,9,0.3,1,51000,10.3,7.283199846221439,9.25,13.08147545195113,0.42288129477688374,0.7782970221989787,0.00001526072592547017,0.00005453873435198293,0.030521451850940337
limiter_zener_minus10pct,limiter,drawn_17_to_18,17-18,ZL10 active,1,9,0.3,1,51000,10.3,7.283199846221439,9.5,13.435028842544403,0.4438417677957187,0.9199903257695656,0.000018039025995481678,0.00006147115377538044,0.03607805199096335
limiter_zener_minus10pct,limiter,drawn_17_to_18,17-18,ZL10 active,1,9,0.3,1,51000,10.3,7.283199846221439,9.75,13.788582233137678,0.4629918968285459,1.0671154935874656,0.000020923833207597365,0.00006840357319877798,0.04184766641519473
limiter_zener_minus10pct,limiter,drawn_17_to_18,17-18,ZL10 active,1,9,0.3,1,51000,10.3,7.283199846221439,10,14.142135623730951,0.48060292529710313,1.2190920522971314,0.0000239037657313163,0.00007533599262217549,0.0478075314626326
limiter_zener_minus10pct,limiter,drawn_17_to_18,17-18,ZL10 active,1,9,0.3,1,51000,10.3,7.283199846221439,10.25,14.495689014324226,0.49688691377025396,1.3754304301830464,0.000026969224121236203,0.00008226841204557304,0.0539384482424724
limiter_zener_minus10pct,limiter,drawn_17_to_18,17-18,ZL10 active,1,9,0.3,1,51000,10.3,7.283199846221439,10.5,14.849242404917499,0.5120134561379832,1.5357126632299825,0.00003011201300450946,0.00008920083146897055,0.06022402600901892
limiter_zener_minus10pct,limiter,drawn_17_to_18,17-18,ZL10 active,1,9,0.3,1,51000,10.3,7.283199846221439,10.75,15.202795795510772,0.526120731942842,1.699578292978316,0.000033325064568202276,0.00009613325089236806,0.06665012913640456
limiter_zener_minus10pct,limiter,drawn_17_to_18,17-18,ZL10 active,1,9,0.3,1,51000,10.3,7.283199846221439,11,15.556349186104047,0.5393230885695101,1.8667137808724457,0.000036602230997498933,0.00010306567031576561,0.07320446199499786
limiter_zener_minus10pct,limiter,drawn_17_to_18,17-18,ZL10 active,1,9,0.3,1,51000,10.3,7.283199846221439,11.25,15.90990257669732,0.5517164056041173,2.036844384986233,0.00003993812519580849,0.00010999808973916312,0.07987625039161697
limiter_zener_minus10pct,limiter,drawn_17_to_18,17-18,ZL10 active,1,9,0.3,1,51000,10.3,7.283199846221439,11.5,16.263455967290593,0.5633819905214821,2.209727809594296,0.00004332799626655482,0.00011693050916256063,0.08665599253310964
limiter_zener_minus10pct,limiter,drawn_17_to_18,17-18,ZL10 active,1,9,0.3,1,51000,10.3,7.283199846221439,11.75,16.61700935788387,0.5743894719222086,2.3851491615466935,0.00004676763061856262,0.0001238629285859582,0.09353526123712523
limiter_zener_minus10pct,limiter,drawn_17_to_18,17-18,ZL10 active,1,9,0.3,1,51000,10.3,7.283199846221439,12,16.970562748477143,0.5847989904440483,2.562916889542923,0.00005025327234397888,0.00013079534800935572,0.10050654468795776
limiter_zener_minus10pct,limiter,drawn_17_to_18,17-18,ZL10 active,1,9,0.3,1,51000,10.3,7.283199846221439,12.25,17.324116139070416,0.5946628862931562,2.742859475704693,0.00005378155834715085,0.00013772776743275323,0.1075631166943017
limiter_zener_minus10pct,limiter,drawn_17_to_18,17-18,ZL10 active,1,9,0.3,1,51000,10.3,7.283199846221439,12.5,17.67766952966369,0.6040270186959877,2.924822711796957,0.00005734946493719524,0.00014466018685615074,0.11469892987439048
limiter_zener_minus10pct,limiter,drawn_17_to_18,17-18,ZL10 active,1,9,0.3,1,51000,10.3,7.283199846221439,12.75,18.031222920256962,0.6129318113935014,3.1086674359497377,0.00006095426344999486,0.00015159260627954825,0.12190852689998971
limiter_zener_minus10pct,limiter,drawn_17_to_18,17-18,ZL10 active,1,9,0.3,1,51000,10.3,7.283199846221439,13,18.38477631085024,0.6214130909831451,3.2942676364405274,0.00006459348306746133,0.00015852502570294584,0.12918696613492264
limiter_zener_minus10pct,limiter,drawn_17_to_18,17-18,ZL10 active,1,9,0.3,1,51000,10.3,7.283199846221439,13.25,18.73832970144351,0.6295027663865866,3.4815088511837793,0.00006826487943497606,0.00016545744512634335,0.1365297588699521
limiter_zener_minus10pct,limiter,drawn_17_to_18,17-18,ZL10 active,1,9,0.3,1,51000,10.3,7.283199846221439,13.5,19.091883092036785,0.6372293849015239,3.6702868077295596,0.00007196640799469725,0.00017238986454974086,0.1439328159893945
limiter_zener_minus10pct,limiter,drawn_17_to_18,17-18,ZL10 active,1,9,0.3,1,51000,10.3,7.283199846221439,13.75,19.445436482630058,0.6446185912646838,3.860506260570342,0.00007569620118765376,0.00017932228397313837,0.15139240237530752
limiter_zener_minus10pct,limiter,drawn_17_to_18,17-18,ZL10 active,1,9,0.3,1,51000,10.3,7.283199846221439,14,19.79898987322333,0.6516935096861067,4.052079991586048,0.0000794525488546284,0.00018625470339653588,0.1589050977092568
limiter_zener_minus10pct,limiter,drawn_17_to_18,17-18,ZL10 active,1,9,0.3,1,51000,10.3,7.283199846221439,14.25,20.152543263816607,0.65847506411462,4.244927946340515,0.00008323388130079441,0.00019318712281993347,0.1664677626015888
limiter_zener_minus10pct,limiter,drawn_17_to_18,17-18,ZL10 active,1,9,0.3,1,51000,10.3,7.283199846221439,14.5,20.50609665440988,0.6649822485315862,4.438976484247749,0.00008703875459309312,0.00020011954224333098,0.17407750918618622
limiter_zener_minus10pct,limiter,drawn_17_to_18,17-18,ZL10 active,1,9,0.3,1,51000,10.3,7.283199846221439,14.75,20.859650045003153,0.6712323564867729,4.634157724758131,0.00009086583774035551,0.0002070519616667285,0.181731675480711
limiter_zener_minus10pct,limiter,drawn_17_to_18,17-18,ZL10 active,1,9,0.3,1,51000,10.3,7.283199846221439,15,21.213203435596427,0.6772411771408333,4.830408974962289,0.0000947139014698488,0.000213984381090126,0.1894278029396976
limiter_zener_minus10pct,limiter,drawn_17_to_18,17-18,ZL10 active,1,9,0.3,1,51000,10.3,7.283199846221439,15.25,21.5667568261897,0.6830231635921525,5.027672226586453,0.00009858180836444024,0.0002209168005135235,0.19716361672888047
limiter_zener_minus10pct,limiter,drawn_17_to_18,17-18,ZL10 active,1,9,0.3,1,51000,10.3,7.283199846221439,15.5,21.920310216782976,0.6885915781207095,5.225893712411706,0.00010246850416493541,0.0002278492199369211,0.2049370083298708
limiter_zener_minus10pct,limiter,drawn_17_to_18,17-18,ZL10 active,1,9,0.3,1,51000,10.3,7.283199846221439,15.75,22.27386360737625,0.6939586180915016,5.425023513807919,0.00010637301007466508,0.0002347816393603186,0.21274602014933017
limiter_zener_minus10pct,limiter,drawn_17_to_18,17-18,ZL10 active,1,9,0.3,1,51000,10.3,7.283199846221439,16,22.627416997969522,0.6991355255622947,5.625015212417719,0.0001102944159297592,0.00024171405878371612,0.22058883185951841
limiter_zener_plus10pct,limiter,drawn_17_to_18,17-18,ZL10 active,1,11,0.3,1,51000,12.3,8.697413408594535,0,0,0,0,0,0,0
limiter_zener_plus10pct,limiter,drawn_17_to_18,17-18,ZL10 active,1,11,0.3,1,51000,12.3,8.697413408594535,0.25,0.3535533905932738,0,0,0,0,0
limiter_zener_plus10pct,limiter,drawn_17_to_18,17-18,ZL10 active,1,11,0.3,1,51000,12.3,8.697413408594535,0.5,0.7071067811865476,0,0,0,0,0
limiter_zener_plus10pct,limiter,drawn_17_to_18,17-18,ZL10 active,1,11,0.3,1,51000,12.3,8.697413408594535,0.75,1.0606601717798214,0,0,0,0,0
limiter_zener_plus10pct,limiter,drawn_17_to_18,17-18,ZL10 active,1,11,0.3,1,51000,12.3,8.697413408594535,1,1.4142135623730951,0,0,0,0,0
limiter_zener_plus10pct,limiter,drawn_17_to_18,17-18,ZL10 active,1,11,0.3,1,51000,12.3,8.697413408594535,1.25,1.7677669529663689,0,0,0,0,0
limiter_zener_plus10pct,limiter,drawn_17_to_18,17-18,ZL10 active,1,11,0.3,1,51000,12.3,8.697413408594535,1.5,2.121320343559643,0,0,0,0,0
limiter_zener_plus10pct,limiter,drawn_17_to_18,17-18,ZL10 active,1,11,0.3,1,51000,12.3,8.697413408594535,1.75,2.4748737341529163,0,0,0,0,0
limiter_zener_plus10pct,limiter,drawn_17_to_18,17-18,ZL10 active,1,11,0.3,1,51000,12.3,8.697413408594535,2,2.8284271247461903,0,0,0,0,0
limiter_zener_plus10pct,limiter,drawn_17_to_18,17-18,ZL10 active,1,11,0.3,1,51000,12.3,8.697413408594535,2.25,3.1819805153394642,0,0,0,0,0
limiter_zener_plus10pct,limiter,drawn_17_to_18,17-18,ZL10 active,1,11,0.3,1,51000,12.3,8.697413408594535,2.5,3.5355339059327378,0,0,0,0,0
limiter_zener_plus10pct,limiter,drawn_17_to_18,17-18,ZL10 active,1,11,0.3,1,51000,12.3,8.697413408594535,2.75,3.8890872965260117,0,0,0,0,0
limiter_zener_plus10pct,limiter,drawn_17_to_18,17-18,ZL10 active,1,11,0.3,1,51000,12.3,8.697413408594535,3,4.242640687119286,0,0,0,0,0
limiter_zener_plus10pct,limiter,drawn_17_to_18,17-18,ZL10 active,1,11,0.3,1,51000,12.3,8.697413408594535,3.25,4.59619407771256,0,0,0,0,0
limiter_zener_plus10pct,limiter,drawn_17_to_18,17-18,ZL10 active,1,11,0.3,1,51000,12.3,8.697413408594535,3.5,4.949747468305833,0,0,0,0,0
limiter_zener_plus10pct,limiter,drawn_17_to_18,17-18,ZL10 active,1,11,0.3,1,51000,12.3,8.697413408594535,3.75,5.303300858899107,0,0,0,0,0
limiter_zener_plus10pct,limiter,drawn_17_to_18,17-18,ZL10 active,1,11,0.3,1,51000,12.3,8.697413408594535,4,5.656854249492381,0,0,0,0,0
limiter_zener_plus10pct,limiter,drawn_17_to_18,17-18,ZL10 active,1,11,0.3,1,51000,12.3,8.697413408594535,4.25,6.0104076400856545,0,0,0,0,0
limiter_zener_plus10pct,limiter,drawn_17_to_18,17-18,ZL10 active,1,11,0.3,1,51000,12.3,8.697413408594535,4.5,6.3639610306789285,0,0,0,0,0
limiter_zener_plus10pct,limiter,drawn_17_to_18,17-18,ZL10 active,1,11,0.3,1,51000,12.3,8.697413408594535,4.75,6.7175144212722016,0,0,0,0,0
limiter_zener_plus10pct,limiter,drawn_17_to_18,17-18,ZL10 active,1,11,0.3,1,51000,12.3,8.697413408594535,5,7.0710678118654755,0,0,0,0,0
limiter_zener_plus10pct,limiter,drawn_17_to_18,17-18,ZL10 active,1,11,0.3,1,51000,12.3,8.697413408594535,5.25,7.4246212024587495,0,0,0,0,0
limiter_zener_plus10pct,limiter,drawn_17_to_18,17-18,ZL10 active,1,11,0.3,1,51000,12.3,8.697413408594535,5.5,7.778174593052023,0,0,0,0,0
limiter_zener_plus10pct,limiter,drawn_17_to_18,17-18,ZL10 active,1,11,0.3,1,51000,12.3,8.697413408594535,5.75,8.131727983645296,0,0,0,0,0
limiter_zener_plus10pct,limiter,drawn_17_to_18,17-18,ZL10 active,1,11,0.3,1,51000,12.3,8.697413408594535,6,8.485281374238571,0,0,0,0,0
limiter_zener_plus10pct,limiter,drawn_17_to_18,17-18,ZL10 active,1,11,0.3,1,51000,12.3,8.697413408594535,6.25,8.838834764831844,0,0,0,0,0
limiter_zener_plus10pct,limiter,drawn_17_to_18,17-18,ZL10 active,1,11,0.3,1,51000,12.3,8.697413408594535,6.5,9.19238815542512,0,0,0,0,0
limiter_zener_plus10pct,limiter,drawn_17_to_18,17-18,ZL10 active,1,11,0.3,1,51000,12.3,8.697413408594535,6.75,9.545941546018392,0,0,0,0,0
limiter_zener_plus10pct,limiter,drawn_17_to_18,17-18,ZL10 active,1,11,0.3,1,51000,12.3,8.697413408594535,7,9.899494936611665,0,0,0,0,0
limiter_zener_plus10pct,limiter,drawn_17_to_18,17-18,ZL10 active,1,11,0.3,1,51000,12.3,8.697413408594535,7.25,10.25304832720494,0,0,0,0,0
limiter_zener_plus10pct,limiter,drawn_17_to_18,17-18,ZL10 active,1,11,0.3,1,51000,12.3,8.697413408594535,7.5,10.606601717798213,0,0,0,0,0
limiter_zener_plus10pct,limiter,drawn_17_to_18,17-18,ZL10 active,1,11,0.3,1,51000,12.3,8.697413408594535,7.75,10.960155108391488,0,0,0,0,0
limiter_zener_plus10pct,limiter,drawn_17_to_18,17-18,ZL10 active,1,11,0.3,1,51000,12.3,8.697413408594535,8,11.313708498984761,0,0,0,0,0
limiter_zener_plus10pct,limiter,drawn_17_to_18,17-18,ZL10 active,1,11,0.3,1,51000,12.3,8.697413408594535,8.25,11.667261889578034,0,0,0,0,0
limiter_zener_plus10pct,limiter,drawn_17_to_18,17-18,ZL10 active,1,11,0.3,1,51000,12.3,8.697413408594535,8.5,12.020815280171309,0,0,0,0,0
limiter_zener_plus10pct,limiter,drawn_17_to_18,17-18,ZL10 active,1,11,0.3,1,51000,12.3,8.697413408594535,8.75,12.374368670764582,0.06983069274155362,0.0034614493000532333,6.787155490300458e-8,0.0000014582092306780671,0.00013574310980600914
limiter_zener_plus10pct,limiter,drawn_17_to_18,17-18,ZL10 active,1,11,0.3,1,51000,12.3,8.697413408594535,9,12.727922061357857,0.16554766164878199,0.047174308692844225,9.249864449577299e-7,0.000008390628654075614,0.0018499728899154598
limiter_zener_plus10pct,limiter,drawn_17_to_18,17-18,ZL10 active,1,11,0.3,1,51000,12.3,8.697413408594535,9.25,13.08147545195113,0.22116201189677487,0.11498902276830203,0.0000022546867209470988,0.000015323048077473123,0.004509373441894197
limiter_zener_plus10pct,limiter,drawn_17_to_18,17-18,ZL10 active,1,11,0.3,1,51000,12.3,8.697413408594535,9.5,13.435028842544403,0.2635635164616602,0.19886156972624977,0.000003899246465220584,0.000022255467500870636,0.0077984929304411674
limiter_zener_plus10pct,limiter,drawn_17_to_18,17-18,ZL10 active,1,11,0.3,1,51000,12.3,8.697413408594535,9.75,13.788582233137678,0.2985441471110015,0.29517716875556504,0.000005787787622658138,0.00002918788692426818,0.011575575245316275
limiter_zener_plus10pct,limiter,drawn_17_to_18,17-18,ZL10 active,1,11,0.3,1,51000,12.3,8.697413408594535,10,14.142135623730951,0.3285711606359345,0.40170643738132816,0.000007876596811398592,0.00003612030634766569,0.015753193622797184
limiter_zener_plus10pct,limiter,drawn_17_to_18,17-18,ZL10 active,1,11,0.3,1,51000,12.3,8.697413408594535,10.25,14.495689014324226,0.3549784381258895,0.5168920124348475,0.0000101351374987225,0.00004305272577106324,0.020270274997445
limiter_zener_plus10pct,limiter,drawn_17_to_18,17-18,ZL10 active,1,11,0.3,1,51000,12.3,8.697413408594535,10.5,14.849242404917499,0.3785881514642201,0.6395678176838417,0.000012540545444781211,0.000049985145194460747,0.025081090889562424
limiter_zener_plus10pct,limiter,drawn_17_to_18,17-18,ZL10 active,1,11,0.3,1,51000,12.3,8.697413408594535,10.75,15.202795795510772,0.39995156413510025,0.7688210365949395,0.000015074922286175284,0.00005691756461785826,0.03014984457235057
limiter_zener_plus10pct,limiter,drawn_17_to_18,17-18,ZL10 active,1,11,0.3,1,51000,12.3,8.697413408594535,11,15.556349186104047,0.4194606945845646,0.9039146040403337,0.00001772381576549674,0.0000638499840412558,0.035447631530993486
limiter_zener_plus10pct,limiter,drawn_17_to_18,17-18,ZL10 active,1,11,0.3,1,51000,12.3,8.697413408594535,11.25,15.90990257669732,0.4374067046771263,1.0442395956611539,0.00002047528618943439,0.00007078240346465332,0.04095057237886878
limiter_zener_plus10pct,limiter,drawn_17_to_18,17-18,ZL10 active,1,11,0.3,1,51000,12.3,8.697413408594535,11.5,16.263455967290593,0.45401319724023925,1.1892840184626265,0.000023319294479659344,0.00007771482288805083,0.04663858895931869
limiter_zener_plus10pct,limiter,drawn_17_to_18,17-18,ZL10 active,1,11,0.3,1,51000,12.3,8.697413408594535,11.75,16.61700935788387,0.4694564984729501,1.3386113189251243,0.00002624728076323773,0.0000846472423114484,0.052494561526475456
limiter_zener_plus10pct,limiter,drawn_17_to_18,17-18,ZL10 active,1,11,0.3,1,51000,12.3,8.697413408594535,12,16.970562748477143,0.48387867080434066,1.4918449997550893,0.00002925186274029587,0.00009157966173484591,0.05850372548059174
limiter_zener_plus10pct,limiter,drawn_17_to_18,17-18,ZL10 active,1,11,0.3,1,51000,12.3,8.697413408594535,12.25,17.324116139070416,0.4973962199567681,1.648657261449244,0.00003232661296959302,0.00009851208115824344,0.06465322593918604
limiter_zener_plus10pct,limiter,drawn_17_to_18,17-18,ZL10 active,1,11,0.3,1,51000,12.3,8.697413408594535,12.5,17.67766952966369,0.51010612680476,1.808760399029701,0.00003546589017705296,0.00010544450058164095,0.07093178035410592
limiter_zener_plus10pct,limiter,drawn_17_to_18,17-18,ZL10 active,1,11,0.3,1,51000,12.3,8.697413408594535,12.75,18.031222920256962,0.5220901497472761,1.9719001455383542,0.000038664708736046164,0.00011237692000503846,0.07732941747209232
limiter_zener_plus10pct,limiter,drawn_17_to_18,17-18,ZL10 active,1,11,0.3,1,51000,12.3,8.697413408594535,13,18.38477631085024,0.5334179708012534,2.1378504282596897,0.00004191863584822921,0.00011930933942843603,0.08383727169645842
limiter_zener_plus10pct,limiter,drawn_17_to_18,17-18,ZL10 active,1,11,0.3,1,51000,12.3,8.697413408594535,13.25,18.73832970144351,0.5441495460785556,2.3064091737123125,0.00004522370928847672,0.00012624175885183356,0.09044741857695343
limiter_zener_plus10pct,limiter,drawn_17_to_18,17-18,ZL10 active,1,11,0.3,1,51000,12.3,8.697413408594535,13.5,19.091883092036785,0.5543368949899354,2.4773949066228003,0.000048576370718094125,0.00013317417827523107,0.09715274143618825
limiter_zener_plus10pct,limiter,drawn_17_to_18,17-18,ZL10 active,1,11,0.3,1,51000,12.3,8.697413408594535,13.75,19.445436482630058,0.5640254847608515,2.650643960327256,0.00005197341098680894,0.00014010659769862858,0.10394682197361788
limiter_zener_plus10pct,limiter,drawn_17_to_18,17-18,ZL10 active,1,11,0.3,1,51000,12.3,8.697413408594535,14,19.79898987322333,0.5732553174872039,2.826008165112384,0.000055411924806125175,0.00014703901712202609,0.11082384961225035
limiter_zener_plus10pct,limiter,drawn_17_to_18,17-18,ZL10 active,1,11,0.3,1,51000,12.3,8.697413408594535,14.25,20.152543263816607,0.5820617947732007,3.003352915119425,0.00005888927284547892,0.00015397143654542365,0.11777854569095784
limiter_zener_plus10pct,limiter,drawn_17_to_18,17-18,ZL10 active,1,11,0.3,1,51000,12.3,8.697413408594535,14.5,20.50609665440988,0.5904764134962422,3.182555538641381,0.00006240304977728198,0.00016090385596882116,0.12480609955456395
limiter_zener_plus10pct,limiter,drawn_17_to_18,17-18,ZL10 active,1,11,0.3,1,51000,12.3,8.697413408594535,14.75,20.859650045003153,0.5985273315747626,3.3635039141394927,0.00006595105713999005,0.00016783627539221867,0.1319021142799801
limiter_zener_plus10pct,limiter,drawn_17_to_18,17-18,ZL10 active,1,11,0.3,1,51000,12.3,8.697413408594535,15,21.213203435596427,0.6062398324109145,3.546095287159432,0.00006953128014038102,0.00017476869481561618,0.13906256028076203
limiter_zener_plus10pct,limiter,drawn_17_to_18,17-18,ZL10 active,1,11,0.3,1,51000,12.3,8.697413408594535,15.25,21.5667568261897,0.6136367094572177,3.7302352529131735,0.00007314186770417987,0.00018170111423901372,0.14628373540835973
limiter_zener_plus10pct,limiter,drawn_17_to_18,17-18,ZL10 active,1,11,0.3,1,51000,12.3,8.697413408594535,15.5,21.920310216782976,0.6207385871622706,3.915836876536815,0.00007678111522621206,0.00018863353366241128,0.15356223045242412
limiter_zener_plus10pct,limiter,drawn_17_to_18,17-18,ZL10 active,1,11,0.3,1,51000,12.3,8.697413408594535,15.75,22.27386360737625,0.6275641907612179,4.102819928576749,0.00008044744957993625,0.0001955659530858088,0.1608948991598725
limiter_zener_plus10pct,limiter,drawn_17_to_18,17-18,ZL10 active,1,11,0.3,1,51000,12.3,8.697413408594535,16,22.627416997969522,0.6341305745752095,4.2911102175443085,0.00008413941603028055,0.0002024983725092063,0.1682788320605611
compressor_partial_zener_bound,compressor,alternate_17_to_19_bound,17-19,ZL10 partly bypassed,0.5,10,0.3,1,51000,6.3,4.454772721475249,0,0,0,0,0,0,0
compressor_partial_zener_bound,compressor,alternate_17_to_19_bound,17-19,ZL10 partly bypassed,0.5,10,0.3,1,51000,6.3,4.454772721475249,0.25,0.3535533905932738,0,0,0,0,0
compressor_partial_zener_bound,compressor,alternate_17_to_19_bound,17-19,ZL10 partly bypassed,0.5,10,0.3,1,51000,6.3,4.454772721475249,0.5,0.7071067811865476,0,0,0,0,0
compressor_partial_zener_bound,compressor,alternate_17_to_19_bound,17-19,ZL10 partly bypassed,0.5,10,0.3,1,51000,6.3,4.454772721475249,0.75,1.0606601717798214,0,0,0,0,0
compressor_partial_zener_bound,compressor,alternate_17_to_19_bound,17-19,ZL10 partly bypassed,0.5,10,0.3,1,51000,6.3,4.454772721475249,1,1.4142135623730951,0,0,0,0,0
compressor_partial_zener_bound,compressor,alternate_17_to_19_bound,17-19,ZL10 partly bypassed,0.5,10,0.3,1,51000,6.3,4.454772721475249,1.25,1.7677669529663689,0,0,0,0,0
compressor_partial_zener_bound,compressor,alternate_17_to_19_bound,17-19,ZL10 partly bypassed,0.5,10,0.3,1,51000,6.3,4.454772721475249,1.5,2.121320343559643,0,0,0,0,0
compressor_partial_zener_bound,compressor,alternate_17_to_19_bound,17-19,ZL10 partly bypassed,0.5,10,0.3,1,51000,6.3,4.454772721475249,1.75,2.4748737341529163,0,0,0,0,0
compressor_partial_zener_bound,compressor,alternate_17_to_19_bound,17-19,ZL10 partly bypassed,0.5,10,0.3,1,51000,6.3,4.454772721475249,2,2.8284271247461903,0,0,0,0,0
compressor_partial_zener_bound,compressor,alternate_17_to_19_bound,17-19,ZL10 partly bypassed,0.5,10,0.3,1,51000,6.3,4.454772721475249,2.25,3.1819805153394642,0,0,0,0,0
compressor_partial_zener_bound,compressor,alternate_17_to_19_bound,17-19,ZL10 partly bypassed,0.5,10,0.3,1,51000,6.3,4.454772721475249,2.5,3.5355339059327378,0,0,0,0,0
compressor_partial_zener_bound,compressor,alternate_17_to_19_bound,17-19,ZL10 partly bypassed,0.5,10,0.3,1,51000,6.3,4.454772721475249,2.75,3.8890872965260117,0,0,0,0,0
compressor_partial_zener_bound,compressor,alternate_17_to_19_bound,17-19,ZL10 partly bypassed,0.5,10,0.3,1,51000,6.3,4.454772721475249,3,4.242640687119286,0,0,0,0,0
compressor_partial_zener_bound,compressor,alternate_17_to_19_bound,17-19,ZL10 partly bypassed,0.5,10,0.3,1,51000,6.3,4.454772721475249,3.25,4.59619407771256,0,0,0,0,0
compressor_partial_zener_bound,compressor,alternate_17_to_19_bound,17-19,ZL10 partly bypassed,0.5,10,0.3,1,51000,6.3,4.454772721475249,3.5,4.949747468305833,0,0,0,0,0
compressor_partial_zener_bound,compressor,alternate_17_to_19_bound,17-19,ZL10 partly bypassed,0.5,10,0.3,1,51000,6.3,4.454772721475249,3.75,5.303300858899107,0,0,0,0,0
compressor_partial_zener_bound,compressor,alternate_17_to_19_bound,17-19,ZL10 partly bypassed,0.5,10,0.3,1,51000,6.3,4.454772721475249,4,5.656854249492381,0,0,0,0,0
compressor_partial_zener_bound,compressor,alternate_17_to_19_bound,17-19,ZL10 partly bypassed,0.5,10,0.3,1,51000,6.3,4.454772721475249,4.25,6.0104076400856545,0,0,0,0,0
compressor_partial_zener_bound,compressor,alternate_17_to_19_bound,17-19,ZL10 partly bypassed,0.5,10,0.3,1,51000,6.3,4.454772721475249,4.5,6.3639610306789285,0.09033447060173383,0.0038506303399049925,7.550255568441162e-8,0.0000012541378564495817,0.00015100511136882324
compressor_partial_zener_bound,compressor,alternate_17_to_19_bound,17-19,ZL10 partly bypassed,0.5,10,0.3,1,51000,6.3,4.454772721475249,4.75,6.7175144212722016,0.22563269624517968,0.06267119279254549,0.000001228846917500892,0.000008186557279847093,0.002457693835001784
compressor_partial_zener_bound,compressor,alternate_17_to_19_bound,17-19,ZL10 partly bypassed,0.5,10,0.3,1,51000,6.3,4.454772721475249,5,7.0710678118654755,0.3000728819453007,0.15367528487366527,0.0000030132408798757897,0.000015118976703244622,0.0060264817597515796
compressor_partial_zener_bound,compressor,alternate_17_to_19_bound,17-19,ZL10 partly bypassed,0.5,10,0.3,1,51000,6.3,4.454772721475249,5.25,7.4246212024587495,0.3549784381258896,0.26474956734467814,0.000005191167987150552,0.00002205139612664215,0.010382335974301105
compressor_partial_zener_bound,compressor,alternate_17_to_19_bound,17-19,ZL10 partly bypassed,0.5,10,0.3,1,51000,6.3,4.454772721475249,5.5,7.778174593052023,0.3989789532366983,0.3905633296805197,0.000007658104503539603,0.00002898381555003968,0.015316209007079204
compressor_partial_zener_bound,compressor,alternate_17_to_19_bound,17-19,ZL10 partly bypassed,0.5,10,0.3,1,51000,6.3,4.454772721475249,5.75,8.131727983645296,0.4357583854798984,0.5279013536084093,0.00001035100693349822,0.00003591623497343719,0.02070201386699644
compressor_partial_zener_bound,compressor,alternate_17_to_19_bound,17-19,ZL10 partly bypassed,0.5,10,0.3,1,51000,6.3,4.454772721475249,6,8.485281374238571,0.46731583403897536,0.6745770959201721,0.000013227001880787688,0.000042848654396834735,0.026454003761575376
compressor_partial_zener_bound,compressor,alternate_17_to_19_bound,17-19,ZL10 partly bypassed,0.5,10,0.3,1,51000,6.3,4.454772721475249,6.25,8.838834764831844,0.49488645004521425,0.8290012435250225,0.00001625492634362789,0.000049781073820232245,0.03250985268725578
compressor_partial_zener_bound,compressor,alternate_17_to_19_bound,17-19,ZL10 partly bypassed,0.5,10,0.3,1,51000,6.3,4.454772721475249,6.5,9.19238815542512,0.5192987632949133,0.9899678561893803,0.000019411134435085887,0.000056713493243629795,0.038822268870171775
compressor_partial_zener_bound,compressor,alternate_17_to_19_bound,17-19,ZL10 partly bypassed,0.5,10,0.3,1,51000,6.3,4.454772721475249,6.75,9.545941546018392,0.5411410565684254,1.1565336657246552,0.000022677130700483436,0.0000636459126670273,0.04535426140096687
compressor_partial_zener_bound,compressor,alternate_17_to_19_bound,17-19,ZL10 partly bypassed,0.5,10,0.3,1,51000,6.3,4.454772721475249,7,9.899494936611665,0.5608488011049506,1.3279438293088164,0.00002603811430017287,0.00007057833209042481,0.05207622860034574
compressor_partial_zener_bound,compressor,alternate_17_to_19_bound,17-19,ZL10 partly bypassed,0.5,10,0.3,1,51000,6.3,4.454772721475249,7.25,10.25304832720494,0.5787547826523353,1.5035833681410309,0.000029482026826294722,0.00007751075151382236,0.05896405365258944
compressor_partial_zener_bound,compressor,alternate_17_to_19_bound,17-19,ZL10 partly bypassed,0.5,10,0.3,1,51000,6.3,4.454772721475249,7.5,10.606601717798213,0.5951197902297892,1.6829439118097254,0.00003299890023156324,0.00008444317093721987,0.06599780046312649
compressor_partial_zener_bound,compressor,alternate_17_to_19_bound,17-19,ZL10 partly bypassed,0.5,10,0.3,1,51000,6.3,4.454772721475249,7.75,10.960155108391488,0.6101523967445717,1.8656000959258094,0.00003658039403776097,0.00009137559036061742,0.07316078807552194
compressor_partial_zener_bound,compressor,alternate_17_to_19_bound,17-19,ZL10 partly bypassed,0.5,10,0.3,1,51000,6.3,4.454772721475249,8,11.313708498984761,0.6240222472834934,2.0511923250863493,0.0000402194573546343,0.00009830800978401493,0.0804389147092686
compressor_partial_zener_bound,compressor,alternate_17_to_19_bound,17-19,ZL10 partly bypassed,0.5,10,0.3,1,51000,6.3,4.454772721475249,8.25,11.667261889578034,0.636869294530001,2.2394138861091863,0.00004391007619821934,0.00010524042920741244,0.08782015239643869
compressor_partial_zener_bound,compressor,alternate_17_to_19_bound,17-19,ZL10 partly bypassed,0.5,10,0.3,1,51000,6.3,4.454772721475249,8.5,12.020815280171309,0.6488104022738808,2.4300011231482284,0.00004764708084604369,0.00011217284863080999,0.09529416169208739
compressor_partial_zener_bound,compressor,alternate_17_to_19_bound,17-19,ZL10 partly bypassed,0.5,10,0.3,1,51000,6.3,4.454772721475249,8.75,12.374368670764582,0.659944182066085,2.622725821558314,0.000051425996501143405,0.0001191052680542075,0.10285199300228681
compressor_partial_zener_bound,compressor,alternate_17_to_19_bound,17-19,ZL10 partly bypassed,0.5,10,0.3,1,51000,6.3,4.454772721475249,9,12.727922061357857,0.6703546096799221,2.817389218727051,0.00005524292585739316,0.00012603768747760505,0.11048585171478631
compressor_partial_zener_bound,compressor,alternate_17_to_19_bound,17-19,ZL10 partly bypassed,0.5,10,0.3,1,51000,6.3,4.454772721475249,9.25,13.08147545195113,0.6801137780721321,3.0138172350685077,0.00005909445558957858,0.00013297010690100256,0.11818891117915717
compressor_partial_zener_bound,compressor,alternate_17_to_19_bound,17-19,ZL10 partly bypassed,0.5,10,0.3,1,51000,6.3,4.454772721475249,9.5,13.435028842544403,0.6892840261305473,3.2118566345167445,0.00006297758106895577,0.00013990252632440007,0.12595516213791155
compressor_partial_zener_bound,compressor,alternate_17_to_19_bound,17-19,ZL10 partly bypassed,0.5,10,0.3,1,51000,6.3,4.454772721475249,9.75,13.788582233137678,0.6979196076754741,3.41137190290006,0.00006688964515490314,0.0001468349457477976,0.13377929030980626
compressor_partial_zener_bound,compressor,alternate_17_to_19_bound,17-19,ZL10 partly bypassed,0.5,10,0.3,1,51000,6.3,4.454772721475249,10,14.142135623730951,0.7060680162015075,3.612242687557861,0.0000708282879913306,0.00015376736517119511,0.1416565759826612
compressor_partial_zener_bound,compressor,alternate_17_to_19_bound,17-19,ZL10 partly bypassed,0.5,10,0.3,1,51000,6.3,4.454772721475249,10.25,14.495689014324226,0.7137710480089001,3.814361680548317,0.00007479140550094739,0.00016069978459459268,0.14958281100189477
compressor_partial_zener_bound,compressor,alternate_17_to_19_bound,17-19,ZL10 partly bypassed,0.5,10,0.3,1,51000,6.3,4.454772721475249,10.5,14.849242404917499,0.721065663886429,4.017632855914769,0.00007877711482185822,0.0001676322040179902,0.15755422964371643
compressor_partial_zener_bound,compressor,alternate_17_to_19_bound,17-19,ZL10 partly bypassed,0.5,10,0.3,1,51000,6.3,4.454772721475249,10.75,15.202795795510772,0.7279846938127565,4.2219699920726725,0.00008278372533475829,0.0001745646234413877,0.16556745066951659
compressor_partial_zener_bound,compressor,alternate_17_to_19_bound,17-19,ZL10 partly bypassed,0.5,10,0.3,1,51000,6.3,4.454772721475249,11,15.556349186104047,0.7345574179995094,4.42729542566848,0.00008680971422879373,0.0001814970428647852,0.17361942845758746
compressor_partial_zener_bound,compressor,alternate_17_to_19_bound,17-19,ZL10 partly bypassed,0.5,10,0.3,1,51000,6.3,4.454772721475249,11.25,15.90990257669732,0.74081004956311,4.633538994755159,0.00009085370577951292,0.00018842946228818272,0.18170741155902584
compressor_partial_zener_bound,compressor,alternate_17_to_19_bound,17-19,ZL10 partly bypassed,0.5,10,0.3,1,51000,6.3,4.454772721475249,11.5,16.263455967290593,0.7467661382347128,4.840637137866242,0.00009491445368365181,0.00019536188171158023,0.18982890736730362
compressor_partial_zener_bound,compressor,alternate_17_to_19_bound,17-19,ZL10 partly bypassed,0.5,10,0.3,1,51000,6.3,4.454772721475249,11.75,16.61700935788387,0.7524469101627567,5.048532122280931,0.00009899082592707708,0.00020229430113497782,0.19798165185415417
compressor_partial_zener_bound,compressor,alternate_17_to_19_bound,17-19,ZL10 partly bypassed,0.5,10,0.3,1,51000,6.3,4.454772721475249,12,16.970562748477143,0.7578715555976905,5.257171379975646,0.00010308179176422836,0.00020922672055837533,0.2061635835284567
compressor_partial_zener_bound,compressor,alternate_17_to_19_bound,17-19,ZL10 partly bypassed,0.5,10,0.3,1,51000,6.3,4.454772721475249,12.25,17.324116139070416,0.7630574737737355,5.466506933826624,0.00010718641046718871,0.00021615913998177284,0.2143728209343774
compressor_partial_zener_bound,compressor,alternate_17_to_19_bound,17-19,ZL10 partly bypassed,0.5,10,0.3,1,51000,6.3,4.454772721475249,12.5,17.67766952966369,0.768020482407895,5.676494899836046,0.00011130382156541265,0.00022309155940517035,0.2226076431308253
compressor_partial_zener_bound,compressor,alternate_17_to_19_bound,17-19,ZL10 partly bypassed,0.5,10,0.3,1,51000,6.3,4.454772721475249,12.75,18.031222920256962,0.7727749977722674,5.887095053702342,0.00011543323634710473,0.00023002397882856786,0.23086647269420946
compressor_partial_zener_bound,compressor,alternate_17_to_19_bound,17-19,ZL10 partly bypassed,0.5,10,0.3,1,51000,6.3,4.454772721475249,13,18.38477631085024,0.7773341901544131,6.098270452093133,0.00011957393043319868,0.00023695639825196545,0.23914786086639736
compressor_partial_zener_bound,compressor,alternate_17_to_19_bound,17-19,ZL10 partly bypassed,0.5,10,0.3,1,51000,6.3,4.454772721475249,13.25,18.73832970144351,0.7817101186236842,6.309987100619707,0.00012372523726705308,0.00024388881767536296,0.24745047453410615
compressor_partial_zener_bound,compressor,alternate_17_to_19_bound,17-19,ZL10 partly bypassed,0.5,10,0.3,1,51000,6.3,4.454772721475249,13.5,19.091883092036785,0.7859138483113793,6.522213661840626,0.00012788654238903187,0.00025082123709876047,0.2557730847780637
compressor_partial_zener_bound,compressor,alternate_17_to_19_bound,17-19,ZL10 partly bypassed,0.5,10,0.3,1,51000,6.3,4.454772721475249,13.75,19.445436482630058,0.7899555528464329,6.734921197703872,0.00013205727838635042,0.000257753656522158,0.26411455677270085
compressor_partial_zener_bound,compressor,alternate_17_to_19_bound,17-19,ZL10 partly bypassed,0.5,10,0.3,1,51000,6.3,4.454772721475249,14,19.79898987322333,0.7938446041339833,6.948082941723244,0.00013623692042594597,0.0002646860759455555,0.2724738408518919
compressor_partial_zener_bound,compressor,alternate_17_to_19_bound,17-19,ZL10 partly bypassed,0.5,10,0.3,1,51000,6.3,4.454772721475249,14.25,20.152543263816607,0.7975896512972023,7.161674096913663,0.00014042498229242478,0.00027161849536895305,0.28084996458484957
compressor_partial_zener_bound,compressor,alternate_17_to_19_bound,17-19,ZL10 partly bypassed,0.5,10,0.3,1,51000,6.3,4.454772721475249,14.5,20.50609665440988,0.8011986903047071,7.37567165611314,0.00014462101286496354,0.00027855091479235056,0.2892420257299271
compressor_partial_zener_bound,compressor,alternate_17_to_19_bound,17-19,ZL10 partly bypassed,0.5,10,0.3,1,51000,6.3,4.454772721475249,14.75,20.859650045003153,0.804679125562408,7.590054241819896,0.0001488245929768607,0.00028548333421574807,0.2976491859537214
compressor_partial_zener_bound,compressor,alternate_17_to_19_bound,17-19,ZL10 partly bypassed,0.5,10,0.3,1,51000,6.3,4.454772721475249,15,21.213203435596427,0.8080378245487596,7.8048019630909184,0.00015303533260962586,0.0002924157536391456,0.30607066521925175
compressor_partial_zener_bound,compressor,alternate_17_to_19_bound,17-19,ZL10 partly bypassed,0.5,10,0.3,1,51000,6.3,4.454772721475249,15.25,21.5667568261897,0.8112811664074642,8.01989628739813,0.00015725286838035548,0.0002993481730625431,0.3145057367607109
compressor_partial_zener_bound,compressor,alternate_17_to_19_bound,17-19,ZL10 partly bypassed,0.5,10,0.3,1,51000,6.3,4.454772721475249,15.5,21.920310216782976,0.8144150852749543,8.235319925632549,0.00016147686128691272,0.0003062805924859407,0.32295372257382543
compressor_partial_zener_bound,compressor,alternate_17_to_19_bound,17-19,ZL10 partly bypassed,0.5,10,0.3,1,51000,6.3,4.454772721475249,15.75,22.27386360737625,0.8174451090061716,8.451056728695065,0.00016570699468029538,0.0003132130119093382,0.33141398936059074
compressor_partial_zener_bound,compressor,alternate_17_to_19_bound,17-19,ZL10 partly bypassed,0.5,10,0.3,1,51000,6.3,4.454772721475249,16,22.627416997969522,0.8203763938669775,8.667091594322768,0.00016994297243770132,0.00032014543133273573,0.33988594487540263
compressor_s7_17_to_19_zener_bypassed,compressor,alternate_17_to_19,17-19,ZL10 bypassed,0,10,0.3,1,51000,1.3,0.9192388155425117,0,0,0,0,0,0,0
compressor_s7_17_to_19_zener_bypassed,compressor,alternate_17_to_19,17-19,ZL10 bypassed,0,10,0.3,1,51000,1.3,0.9192388155425117,0.25,0.3535533905932738,0,0,0,0,0
compressor_s7_17_to_19_zener_bypassed,compressor,alternate_17_to_19,17-19,ZL10 bypassed,0,10,0.3,1,51000,1.3,0.9192388155425117,0.5,0.7071067811865476,0,0,0,0,0
compressor_s7_17_to_19_zener_bypassed,compressor,alternate_17_to_19,17-19,ZL10 bypassed,0,10,0.3,1,51000,1.3,0.9192388155425117,0.75,1.0606601717798214,0,0,0,0,0
compressor_s7_17_to_19_zener_bypassed,compressor,alternate_17_to_19,17-19,ZL10 bypassed,0,10,0.3,1,51000,1.3,0.9192388155425117,1,1.4142135623730951,0.2576105062896984,0.019561229949510282,3.8355352842177027e-7,0.0000022394816151587274,0.0007671070568435406
compressor_s7_17_to_19_zener_bypassed,compressor,alternate_17_to_19,17-19,ZL10 bypassed,0,10,0.3,1,51000,1.3,0.9192388155425117,1.25,1.7677669529663689,0.47399700157119906,0.14642018030854526,0.0000028709839276185343,0.000009171901038556252,0.005741967855237068
compressor_s7_17_to_19_zener_bypassed,compressor,alternate_17_to_19,17-19,ZL10 bypassed,0,10,0.3,1,51000,1.3,0.9192388155425117,1.5,2.121320343559643,0.5800654005664968,0.3130841805338481,0.000006138905500663688,0.00001610432046195378,0.012277811001327377
compressor_s7_17_to_19_zener_bypassed,compressor,alternate_17_to_19,17-19,ZL10 bypassed,0,10,0.3,1,51000,1.3,0.9192388155425117,1.75,2.4748737341529163,0.6479216771709293,0.4983873897556801,0.000009772301759915296,0.0000230367398853513,0.019544603519830592
compressor_s7_17_to_19_zener_bypassed,compressor,alternate_17_to_19,17-19,ZL10 bypassed,0,10,0.3,1,51000,1.3,0.9192388155425117,2,2.8284271247461903,0.6959716521176584,0.6944074732667669,0.000013615832809152292,0.000029969159308748827,0.027231665618304583
compressor_s7_17_to_19_zener_bypassed,compressor,alternate_17_to_19,17-19,ZL10 bypassed,0,10,0.3,1,51000,1.3,0.9192388155425117,2.25,3.1819805153394642,0.7320686970276009,0.8972500482217671,0.000017593138200426806,0.00003690157873214636,0.03518627640085361
compressor_s7_17_to_19_zener_bypassed,compressor,alternate_17_to_19,17-19,ZL10 bypassed,0,10,0.3,1,51000,1.3,0.9192388155425117,2.5,3.5355339059327378,0.7602937284405639,1.1047325743369778,0.00002166142302621525,0.00004383399815554388,0.0433228460524305
compressor_s7_17_to_19_zener_bypassed,compressor,alternate_17_to_19,17-19,ZL10 bypassed,0,10,0.3,1,51000,1.3,0.9192388155425117,2.75,3.8890872965260117,0.7830214256308692,1.3155246122208406,0.000025794600239624325,0.00005076641757894141,0.05158920047924865
compressor_s7_17_to_19_zener_bypassed,compressor,alternate_17_to_19,17-19,ZL10 bypassed,0,10,0.3,1,51000,1.3,0.9192388155425117,3,4.242640687119286,0.8017423346711412,1.5287647237646478,0.000029975778897346035,0.00005769883700233894,0.05995155779469207
compressor_s7_17_to_19_zener_bypassed,compressor,alternate_17_to_19,17-19,ZL10 bypassed,0,10,0.3,1,51000,1.3,0.9192388155425117,3.25,4.59619407771256,0.8174451090061716,1.7438688487783471,0.00003419350683879112,0.00006463125642573646,0.06838701367758224
compressor_s7_17_to_19_zener_bypassed,compressor,alternate_17_to_19,17-19,ZL10 bypassed,0,10,0.3,1,51000,1.3,0.9192388155425117,3.5,4.949747468305833,0.8308139094058165,1.9604262205648242,0.00003843972981499655,0.00007156367584913397,0.0768794596299931
compressor_s7_17_to_19_zener_bypassed,compressor,alternate_17_to_19,17-19,ZL10 bypassed,0,10,0.3,1,51000,1.3,0.9192388155425117,3.75,5.303300858899107,0.8423384757285801,2.178139163684615,0.00004270861105263951,0.00007849609527253151,0.08541722210527902
compressor_s7_17_to_19_zener_bypassed,compressor,alternate_17_to_19,17-19,ZL10 bypassed,0,10,0.3,1,51000,1.3,0.9192388155425117,4,5.656854249492381,0.8523792390848495,2.3967864885158896,0.00004699581350031156,0.00008542851469592903,0.09399162700062312
compressor_s7_17_to_19_zener_bypassed,compressor,alternate_17_to_19,17-19,ZL10 bypassed,0,10,0.3,1,51000,1.3,0.9192388155425117,4.25,6.0104076400856545,0.8612077002414729,2.6162003031416132,0.00005129804515963947,0.00009236093411932656,0.10259609031927894
compressor_s7_17_to_19_zener_bypassed,compressor,alternate_17_to_19,17-19,ZL10 bypassed,0,10,0.3,1,51000,1.3,0.9192388155425117,4.5,6.3639610306789285,0.8690324594626155,2.8362508118498413,0.000055612761016663554,0.0000992933535427241,0.11122552203332711
compressor_s7_17_to_19_zener_bypassed,compressor,alternate_17_to_19,17-19,ZL10 bypassed,0,10,0.3,1,51000,1.3,0.9192388155425117,4.75,6.7175144212722016,0.8760165511181349,3.0568360537039045,0.00005993796183733146,0.0001062257729661216,0.11987592367466292
compressor_s7_17_to_19_zener_bypassed,compressor,alternate_17_to_19,17-19,ZL10 bypassed,0,10,0.3,1,51000,1.3,0.9192388155425117,5,7.0710678118654755,0.8822893122940575,3.2778747985166956,0.00006427205487287638,0.00011315819238951913,0.12854410974575275
compressor_s7_17_to_19_zener_bypassed,compressor,alternate_17_to_19,17-19,ZL10 bypassed,0,10,0.3,1,51000,1.3,0.9192388155425117,5.25,7.4246212024587495,0.8879547061599522,3.499301518864094,0.00006861375527184497,0.00012009061181291666,0.13722751054368995
compressor_s7_17_to_19_zener_bypassed,compressor,alternate_17_to_19,17-19,ZL10 bypassed,0,10,0.3,1,51000,1.3,0.9192388155425117,5.5,7.778174593052023,0.8930972827768051,3.7210627614009812,0.000072962014929431,0.0001270230312363142,0.14592402985886202
compressor_s7_17_to_19_zener_bypassed,compressor,alternate_17_to_19,17-19,ZL10 bypassed,0,10,0.3,1,51000,1.3,0.9192388155425117,5.75,8.131727983645296,0.8977865277260012,3.9431144822362545,0.00007731597023992656,0.0001339554506597117,0.1546319404798531
compressor_s7_17_to_19_zener_bypassed,compressor,alternate_17_to_19,17-19,ZL10 bypassed,0,10,0.3,1,51000,1.3,0.9192388155425117,6,8.485281374238571,0.9020800873227507,4.165420059593211,0.00008167490312927866,0.00014088787008310923,0.1633498062585573
compressor_s7_17_to_19_zener_bypassed,compressor,alternate_17_to_19,17-19,ZL10 bypassed,0,10,0.3,1,51000,1.3,0.9192388155425117,6.25,8.838834764831844,0.9060261962523813,4.387948790690483,0.00008603821158216633,0.00014782028950650674,0.17207642316433266
compressor_s7_17_to_19_zener_bypassed,compressor,alternate_17_to_19,17-19,ZL10 bypassed,0,10,0.3,1,51000,1.3,0.9192388155425117,6.5,9.19238815542512,0.909665529398267,4.610674740327244,0.00009040538706524009,0.0001547527089299043,0.18081077413048016
compressor_s7_17_to_19_zener_bypassed,compressor,alternate_17_to_19,17-19,ZL10 bypassed,0,10,0.3,1,51000,1.3,0.9192388155425117,6.75,9.545941546018392,0.9130326316328626,4.83357584861203,0.00009477599703160844,0.0001616851283533018,0.18955199406321688
compressor_s7_17_to_19_zener_bypassed,compressor,alternate_17_to_19,17-19,ZL10 bypassed,0,10,0.3,1,51000,1.3,0.9192388155425117,7,9.899494936611665,0.9161570340019625,5.056633232148145,0.00009914967121859108,0.0001686175477766993,0.19829934243718217
compressor_s7_17_to_19_zener_bypassed,compressor,alternate_17_to_19,17-19,ZL10 bypassed,0,10,0.3,1,51000,1.3,0.9192388155425117,7.25,10.25304832720494,0.9190641339368049,5.2798306313793795,0.00010352609081136038,0.00017554996720009686,0.20705218162272077
compressor_s7_17_to_19_zener_bypassed,compressor,alternate_17_to_19,17-19,ZL10 bypassed,0,10,0.3,1,51000,1.3,0.9192388155425117,7.5,10.606601717798213,0.9217758958598206,5.503153969586038,0.00010790497979580467,0.00018248238662349437,0.21580995959160934
compressor_s7_17_to_19_zener_bypassed,compressor,alternate_17_to_19,17-19,ZL10 bypassed,0,10,0.3,1,51000,1.3,0.9192388155425117,7.75,10.960155108391488,0.9243114136343423,5.7265909980410505,0.00011228609800080492,0.0001894148060468919,0.22457219600160983
compressor_s7_17_to_19_zener_bypassed,compressor,alternate_17_to_19,17-19,ZL10 bypassed,0,10,0.3,1,51000,1.3,0.9192388155425117,8,11.313708498984761,0.9266873657009277,5.950131008284383,0.00011666923545655653,0.00019634722547028942,0.23333847091311305
compressor_s7_17_to_19_zener_bypassed,compressor,alternate_17_to_19,17-19,ZL10 bypassed,0,10,0.3,1,51000,1.3,0.9192388155425117,8.25,11.667261889578034,0.9289183861008476,6.173764597141459,0.00012105420778708743,0.00020327964489368693,0.24210841557417487
compressor_s7_17_to_19_zener_bypassed,compressor,alternate_17_to_19,17-19,ZL10 bypassed,0,10,0.3,1,51000,1.3,0.9192388155425117,8.5,12.020815280171309,0.9310173690155423,6.397483473528592,0.00012544085242212924,0.00021021206431708447,0.2508817048442585
compressor_s7_17_to_19_zener_bypassed,compressor,alternate_17_to_19,17-19,ZL10 bypassed,0,10,0.3,1,51000,1.3,0.9192388155425117,8.75,12.374368670764582,0.9329957203433212,6.621280298617338,0.00012982902546308504,0.00021714448374048198,0.25965805092617006
compressor_s7_17_to_19_zener_bypassed,compressor,alternate_17_to_19,17-19,ZL10 bypassed,0,10,0.3,1,51000,1.3,0.9192388155425117,9,12.727922061357857,0.9348635667751338,6.845148552819685,0.00013421859907489578,0.00022407690316387954,0.26843719814979156
compressor_s7_17_to_19_zener_bypassed,compressor,alternate_17_to_19,17-19,ZL10 bypassed,0,10,0.3,1,51000,1.3,0.9192388155425117,9.25,13.08147545195113,0.9366299305304256,7.069082424481845,0.0001386094593035656,0.00023100932258727705,0.2772189186071312
compressor_s7_17_to_19_zener_bypassed,compressor,alternate_17_to_19,17-19,ZL10 bypassed,0,10,0.3,1,51000,1.3,0.9192388155425117,9.5,13.435028842544403,0.9383028761681935,7.293076716259384,0.00014300150424038008,0.00023794174201067456,0.28600300848076016
compressor_s7_17_to_19_zener_bypassed,compressor,alternate_17_to_19,17-19,ZL10 bypassed,0,10,0.3,1,51000,1.3,0.9192388155425117,9.75,13.788582233137678,0.9398896345523152,7.517126765978919,0.00014739464247017487,0.0002448741614340721,0.2947892849403497
compressor_s7_17_to_19_zener_bypassed,compressor,alternate_17_to_19,17-19,ZL10 bypassed,0,10,0.3,1,51000,1.3,0.9192388155425117,10,14.142135623730951,0.9413967080197142,7.74122837943512,0.0001517887917536298,0.00025180658085746963,0.3035775835072596
compressor_s7_17_to_19_zener_bypassed,compressor,alternate_17_to_19,17-19,ZL10 bypassed,0,10,0.3,1,51000,1.3,0.9192388155425117,10.25,14.495689014324226,0.9428299599991252,7.9653777730731345,0.0001561838779033948,0.00025873900028086714,0.31236775580678955
compressor_s7_17_to_19_zener_bypassed,compressor,alternate_17_to_19,17-19,ZL10 bypassed,0,10,0.3,1,51000,1.3,0.9192388155425117,10.5,14.849242404917499,0.9441946917015478,8.18957152489935,0.00016057983382155588,0.00026567141970426465,0.32115966764311177
compressor_s7_17_to_19_zener_bypassed,compressor,alternate_17_to_19,17-19,ZL10 bypassed,0,10,0.3,1,51000,1.3,0.9192388155425117,10.75,15.202795795510772,0.9454957080097963,8.413806532273847,0.00016497659867203623,0.00027260383912766216,0.32995319734407247
compressor_s7_17_to_19_zener_bypassed,compressor,alternate_17_to_19,17-19,ZL10 bypassed,0,10,0.3,1,51000,1.3,0.9192388155425117,11,15.556349186104047,0.9467373743031983,8.638079975483995,0.00016937411716635284,0.00027953625855105973,0.3387482343327057
compressor_s7_17_to_19_zener_bypassed,compressor,alternate_17_to_19,17-19,ZL10 bypassed,0,10,0.3,1,51000,1.3,0.9192388155425117,11.25,15.90990257669732,0.9479236656413956,8.862389286195496,0.00017377233894500972,0.00028646867797445724,0.3475446778900194
compressor_s7_17_to_19_zener_bypassed,compressor,alternate_17_to_19,17-19,ZL10 bypassed,0,10,0.3,1,51000,1.3,0.9192388155425117,11.5,16.263455967290593,0.9490582094809079,9.086732120035194,0.00017817121803990576,0.00029340109739785475,0.35634243607981153
compressor_s7_17_to_19_zener_bypassed,compressor,alternate_17_to_19,17-19,ZL10 bypassed,0,10,0.3,1,51000,1.3,0.9192388155425117,11.75,16.61700935788387,0.9501443228963012,9.311106332687485,0.00018257071240563696,0.0003003335168212523,0.36514142481127393
compressor_s7_17_to_19_zener_bypassed,compressor,alternate_17_to_19,17-19,ZL10 bypassed,0,10,0.3,1,51000,1.3,0.9192388155425117,12,16.970562748477143,0.9511850451142491,9.535509958989747,0.00018697078350960288,0.0003072659362446498,0.3739415670192058
compressor_s7_17_to_19_zener_bypassed,compressor,alternate_17_to_19,17-19,ZL10 bypassed,0,10,0.3,1,51000,1.3,0.9192388155425117,12.25,17.324116139070416,0.9521831660355697,9.759941194596589,0.00019137139597248215,0.00031419835566804733,0.3827427919449643
compressor_s7_17_to_19_zener_bypassed,compressor,alternate_17_to_19,17-19,ZL10 bypassed,0,10,0.3,1,51000,1.3,0.9192388155425117,12.5,17.67766952966369,0.9531412513113457,9.984398379851863,0.0001957725172519973,0.00032113077509144484,0.3915450345039946
compressor_s7_17_to_19_zener_bypassed,compressor,alternate_17_to_19,17-19,ZL10 bypassed,0,10,0.3,1,51000,1.3,0.9192388155425117,12.75,18.031222920256962,0.9540616644496624,10.2088799855643,0.0002001741173640059,0.00032806319451484235,0.4003482347280118
compressor_s7_17_to_19_zener_bypassed,compressor,alternate_17_to_19,17-19,ZL10 bypassed,0,10,0.3,1,51000,1.3,0.9192388155425117,13,18.38477631085024,0.9549465863555879,10.433384600429543,0.0002045761686358734,0.00033499561393823997,0.40915233727174677
compressor_s7_17_to_19_zener_bypassed,compressor,alternate_17_to_19,17-19,ZL10 bypassed,0,10,0.3,1,51000,1.3,0.9192388155425117,13.25,18.73832970144351,0.9557980326457602,10.657910919880365,0.00020897864548785028,0.0003419280333616375,0.41795729097570056
compressor_s7_17_to_19_zener_bypassed,compressor,alternate_17_to_19,17-19,ZL10 bypassed,0,10,0.3,1,51000,1.3,0.9192388155425117,13.5,19.091883092036785,0.9566178690279902,10.88245773617939,0.00021338152423881158,0.000348860452785035,0.42676304847762314
compressor_s7_17_to_19_zener_bypassed,compressor,alternate_17_to_19,17-19,ZL10 bypassed,0,10,0.3,1,51000,1.3,0.9192388155425117,13.75,19.445436482630058,0.9574078249937358,11.107023929595593,0.00021778478293324694,0.0003557928722084325,0.43556956586649387
compressor_s7_17_to_19_zener_bypassed,compressor,alternate_17_to_19,17-19,ZL10 bypassed,0,10,0.3,1,51000,1.3,0.9192388155425117,14,19.79898987322333,0.9581695060356498,11.331608460528688,0.00022218840118683701,0.00036272529163183,0.444376802373674
compressor_s7_17_to_19_zener_bypassed,compressor,alternate_17_to_19,17-19,ZL10 bypassed,0,10,0.3,1,51000,1.3,0.9192388155425117,14.25,20.152543263816607,0.9589044045724125,11.556210362464729,0.000226592360048328,0.00036965771105522757,0.453184720096656
compressor_s7_17_to_19_zener_bypassed,compressor,alternate_17_to_19,17-19,ZL10 bypassed,0,10,0.3,1,51000,1.3,0.9192388155425117,14.5,20.50609665440988,0.9596139097377684,11.7808287356622,0.0002309966418757294,0.0003765901304786251,0.4619932837514588
compressor_s7_17_to_19_zener_bypassed,compressor,alternate_17_to_19,17-19,ZL10 bypassed,0,10,0.3,1,51000,1.3,0.9192388155425117,14.75,20.859650045003153,0.9602993161692697,12.005462741481802,0.00023540123022513338,0.0003835225499020226,0.47080246045026675
compressor_s7_17_to_19_zener_bypassed,compressor,alternate_17_to_19,17-19,ZL10 bypassed,0,10,0.3,1,51000,1.3,0.9192388155425117,15,21.213203435596427,0.9609618319140576,12.230111597284527,0.00023980610975067699,0.0003904549693254201,0.47961221950135396
compressor_s7_17_to_19_zener_bypassed,compressor,alternate_17_to_19,17-19,ZL10 bypassed,0,10,0.3,1,51000,1.3,0.9192388155425117,15.25,21.5667568261897,0.9616025855535273,12.454774571832738,0.0002442112661143674,0.0003973873887488176,0.4884225322287348
compressor_s7_17_to_19_zener_bypassed,compressor,alternate_17_to_19,17-19,ZL10 bypassed,0,10,0.3,1,51000,1.3,0.9192388155425117,15.5,21.920310216782976,0.9622226326355124,12.67945098113724,0.00024861668590465177,0.00040431980817221523,0.49723337180930355
compressor_s7_17_to_19_zener_bypassed,compressor,alternate_17_to_19,17-19,ZL10 bypassed,0,10,0.3,1,51000,1.3,0.9192388155425117,15.75,22.27386360737625,0.9628229614913028,12.904140184700694,0.0002530223565627587,0.00041125222759561274,0.5060447131255174
compressor_s7_17_to_19_zener_bypassed,compressor,alternate_17_to_19,17-19,ZL10 bypassed,0,10,0.3,1,51000,1.3,0.9192388155425117,16,22.627416997969522,0.9634044985050967,13.12884158211397,0.0002574282663159602,0.00041818464701901025,0.5148565326319204
