scenario,drive_v,cmd_dc_v,sag_v,source_ohm,source_current_ua,frequency_hz,command_model,all_diodes_in_range,any_diode_out_of_range,left_path_v,right_path_v,VNA_mag,VNA_db,VNB_mag,VNB_db,VCMD_NODE_mag,input_impedance_mag
b11_s6_s7_delivery_linear_r3k,0,0,0,3000,0,40,B11/S6/S7 finite small-signal output impedance 3000 Ohm,false,true,0,0,0.7763432990693117,-2.1989238242656066,0.7763163842549087,-2.1992249580041423,0.10125865881585766,27977.16000955273
b11_s6_s7_delivery_linear_r3k,0,0,0,3000,0,100,B11/S6/S7 finite small-signal output impedance 3000 Ohm,false,true,0,0,0.7919370246873926,-2.0261870479619044,0.7919326316269132,-2.0262352307632425,0.1032955606469887,27425.473876127726
b11_s6_s7_delivery_linear_r3k,0,0,0,3000,0,1000,B11/S6/S7 finite small-signal output impedance 3000 Ohm,false,true,0,0,0.7949844548043106,-1.9928272698571177,0.7949844107042944,-1.992827751687777,0.1036936187875167,27320.19321120463
b11_s6_s7_delivery_linear_r3k,0,0,0,3000,0,5000,B11/S6/S7 finite small-signal output impedance 3000 Ohm,false,true,0,0,0.7950141784277305,-1.9925025197506674,0.7950141766636639,-1.9925025390238928,0.10369750130395616,27319.170321569538
b11_s6_s7_delivery_linear_r3k,0,0,0,3000,0,15000,B11/S6/S7 finite small-signal output impedance 3000 Ohm,false,true,0,0,0.7950152793668174,-1.9924904915013038,0.7950152791708095,-1.9924904936427754,0.10369764510923604,27319.132436032858
b11_s6_s7_delivery_linear_r3k,0,0,0,3000,0,20000,B11/S6/S7 finite small-signal output impedance 3000 Ohm,false,true,0,0,0.7950153395745604,-1.9924898337054033,0.795015339464306,-1.9924898349099807,0.10369765297360517,27319.130364165892
b11_s6_s7_delivery_linear_r3k,0.5,0.49545188668113366,0.004548113175135149,3000,1.5160377250450496,40,B11/S6/S7 finite small-signal output impedance 3000 Ohm,false,true,0.4588249623439046,0.45882496234390463,0.7583729704467096,-2.402343086053649,0.7583401478714193,-2.402719021704511,0.09891393233105471,26100.363479778764
b11_s6_s7_delivery_linear_r3k,0.5,0.49545188668113366,0.004548113175135149,3000,1.5160377250450496,100,B11/S6/S7 finite small-signal output impedance 3000 Ohm,false,true,0.4588249623439046,0.45882496234390463,0.7759721076158669,-2.2030777842749965,0.7759667337158752,-2.203137937550384,0.1012130522238098,25507.392140367312
b11_s6_s7_delivery_linear_r3k,0.5,0.49545188668113366,0.004548113175135149,3000,1.5160377250450496,1000,B11/S6/S7 finite small-signal output impedance 3000 Ohm,false,true,0.4588249623439046,0.45882496234390463,0.7794305282877059,-2.164451760262435,0.7794304743084078,-2.1644523618019242,0.10166484447500973,25394.022962193634
b11_s6_s7_delivery_linear_r3k,0.5,0.49545188668113366,0.004548113175135149,3000,1.5160377250450496,5000,B11/S6/S7 finite small-signal output impedance 3000 Ohm,false,true,0.4588249623439046,0.45882496234390463,0.7794642917287689,-2.16407551227039,0.7794642895695033,-2.16407553633197,0.10166925516123958,25392.921146744524
b11_s6_s7_delivery_linear_r3k,0.5,0.49545188668113366,0.004548113175135149,3000,1.5160377250450496,15000,B11/S6/S7 finite small-signal output impedance 3000 Ohm,false,true,0.4588249623439046,0.45882496234390463,0.7794655423110335,-2.1640615765315303,0.7794655420711144,-2.1640615792050424,0.10166941853101495,25392.880337846622
b11_s6_s7_delivery_linear_r3k,0.5,0.49545188668113366,0.004548113175135149,3000,1.5160377250450496,20000,B11/S6/S7 finite small-signal output impedance 3000 Ohm,false,true,0.4588249623439046,0.45882496234390463,0.7794656107024289,-2.164060814419474,0.7794656105674747,-2.1640608159233223,0.10166942746532281,25392.87810610793
b11_s6_s7_delivery_linear_r3k,1,0.977355524895689,0.022644474960579752,3000,7.548158320193251,40,B11/S6/S7 finite small-signal output impedance 3000 Ohm,true,false,0.7205229073517493,0.7205229073517493,0.6132316822172831,-4.247508313903841,0.6130357891466284,-4.250283410930837,0.07996118988869066,17370.096235521876
b11_s6_s7_delivery_linear_r3k,1,0.977355524895689,0.022644474960579752,3000,7.548158320193251,100,B11/S6/S7 finite small-signal output impedance 3000 Ohm,true,false,0.7205229073517493,0.7205229073517493,0.6479492975104815,-3.769179532987117,0.6479161303784857,-3.769624156390117,0.0845107996145851,16429.737633857247
b11_s6_s7_delivery_linear_r3k,1,0.977355524895689,0.022644474960579752,3000,7.548158320193251,1000,B11/S6/S7 finite small-signal output impedance 3000 Ohm,true,false,0.7205229073517493,0.7205229073517493,0.6551923234499999,-3.672623992438586,0.655191987975992,-3.672628439821211,0.0854598245186077,16246.307312422854
b11_s6_s7_delivery_linear_r3k,1,0.977355524895689,0.022644474960579752,3000,7.548158320193251,5000,B11/S6/S7 finite small-signal output impedance 3000 Ohm,true,false,0.7205229073517493,0.7205229073517493,0.6552637689608419,-3.6716768903929435,0.6552637555403813,-3.6716770682886954,0.08546918550526716,16244.51844328488
b11_s6_s7_delivery_linear_r3k,1,0.977355524895689,0.022644474960579752,3000,7.548158320193251,15000,B11/S6/S7 finite small-signal output impedance 3000 Ohm,true,false,0.7205229073517493,0.7205229073517493,0.6552664155457787,-3.671641808492579,0.6552664140546102,-3.6716418282587764,0.08546953226799263,16244.45218508518
b11_s6_s7_delivery_linear_r3k,1,0.977355524895689,0.022644474960579752,3000,7.548158320193251,20000,B11/S6/S7 finite small-signal output impedance 3000 Ohm,true,false,0.7205229073517493,0.7205229073517493,0.6552665602818315,-3.671639889942791,0.6552665594430492,-3.671639901061275,0.08546955123170207,16244.448561581987
b11_s6_s7_delivery_linear_r3k,2,1.9183549655226844,0.08164503435586279,3000,27.21501145195426,40,B11/S6/S7 finite small-signal output impedance 3000 Ohm,true,false,0.91206478579754,0.91206478579754,0.39357279479976914,-8.099498584726545,0.3924774917998832,-8.123704891363191,0.05119271632172391,12107.316624629186
b11_s6_s7_delivery_linear_r3k,2,1.9183549655226844,0.08164503435586279,3000,27.21501145195426,100,B11/S6/S7 finite small-signal output impedance 3000 Ohm,true,false,0.91206478579754,0.91206478579754,0.44554953733283903,-7.022080059510619,0.4453491059704747,-7.025988303699701,0.058089013822235844,10638.675180576729
b11_s6_s7_delivery_linear_r3k,2,1.9183549655226844,0.08164503435586279,3000,27.21501145195426,1000,B11/S6/S7 finite small-signal output impedance 3000 Ohm,true,false,0.91206478579754,0.91206478579754,0.4580339651206422,-6.782046321252762,0.4580319006431281,-6.7820854708914915,0.059743291388234115,10338.342118002534
b11_s6_s7_delivery_linear_r3k,2,1.9183549655226844,0.08164503435586279,3000,27.21501145195426,5000,B11/S6/S7 finite small-signal output impedance 3000 Ohm,true,false,0.91206478579754,0.91206478579754,0.458160471474027,-6.7796476595994974,0.45816038887056254,-6.779649225611157,0.05976005072224731,10335.387018077716
b11_s6_s7_delivery_linear_r3k,2,1.9183549655226844,0.08164503435586279,3000,27.21501145195426,15000,B11/S6/S7 finite small-signal output impedance 3000 Ohm,true,false,0.91206478579754,0.91206478579754,0.45816515900288185,-6.779558793028587,0.45816514982461864,-6.779558967029993,0.05976067171625463,10335.277553685677
b11_s6_s7_delivery_linear_r3k,2,1.9183549655226844,0.08164503435586279,3000,27.21501145195426,20000,B11/S6/S7 finite small-signal output impedance 3000 Ohm,true,false,0.91206478579754,0.91206478579754,0.458165415356461,-6.77955393308184,0.458165410193685,-6.779554030957632,0.05976070567743718,10335.27156731822
b11_s6_s7_delivery_linear_r3k,3,2.8527854160517077,0.14721458382683927,3000,49.07152794227976,40,B11/S6/S7 finite small-signal output impedance 3000 Ohm,true,false,1.0080278585182643,1.008027858518264,0.2905714746998016,-10.734940449661003,0.288401219685976,-10.80005814522631,0.03761755039382295,10756.1732639063
b11_s6_s7_delivery_linear_r3k,3,2.8527854160517077,0.14721458382683927,3000,49.07152794227976,100,B11/S6/S7 finite small-signal output impedance 3000 Ohm,true,false,1.0080278585182643,1.008027858518264,0.3410093536754247,-9.344674168307849,0.34059135933509666,-9.355327482176985,0.044424959913273485,9039.838833242546
b11_s6_s7_delivery_linear_r3k,3,2.8527854160517077,0.14721458382683927,3000,49.07152794227976,1000,B11/S6/S7 finite small-signal output impedance 3000 Ohm,true,false,1.0080278585182643,1.008027858518264,0.3542827085737032,-9.013000873984565,0.3542783447571479,-9.013107861600725,0.04621021888136713,8678.175238253614
b11_s6_s7_delivery_linear_r3k,3,2.8527854160517077,0.14721458382683927,3000,49.07152794227976,5000,B11/S6/S7 finite small-signal output impedance 3000 Ohm,true,false,1.0080278585182643,1.008027858518264,0.3544198434559507,-9.009639411649806,0.35441966882746556,-9.00964369133152,0.046228652455756386,8674.59429536358
b11_s6_s7_delivery_linear_r3k,3,2.8527854160517077,0.14721458382683927,3000,49.07152794227976,15000,B11/S6/S7 finite small-signal output impedance 3000 Ohm,true,false,1.0080278585182643,1.008027858518264,0.3544249258560365,-9.009514856406813,0.35442490645255925,-9.009515331927734,0.04622933562424687,8674.461639428562
b11_s6_s7_delivery_linear_r3k,3,2.8527854160517077,0.14721458382683927,3000,49.07152794227976,20000,B11/S6/S7 finite small-signal output impedance 3000 Ohm,true,false,1.0080278585182643,1.008027858518264,0.354425203806657,-9.009508044675213,0.3544251928921915,-9.00950831215575,0.04622937298593802,8674.45438474854
b11_s6_s7_delivery_linear_r3k,5,4.716403918794795,0.2835960810473166,3000,94.5320270157722,40,B11/S6/S7 finite small-signal output impedance 3000 Ohm,true,false,1.123677108888958,1.1236771088889579,0.1975930449844776,-14.084566921488214,0.1933364423358788,-14.273725546052434,0.02521779682641898,9824.597569066862
b11_s6_s7_delivery_linear_r3k,5,4.716403918794795,0.2835960810473166,3000,94.5320270157722,100,B11/S6/S7 finite small-signal output impedance 3000 Ohm,true,false,1.123677108888958,1.1236771088889579,0.23690359746064352,-12.50856688639368,0.23602758642200844,-12.540744692234256,0.03078620692460981,7880.043546630937
b11_s6_s7_delivery_linear_r3k,5,4.716403918794795,0.2835960810473166,3000,94.5320270157722,1000,B11/S6/S7 finite small-signal output impedance 3000 Ohm,true,false,1.123677108888958,1.1236771088889579,0.24842381134782116,-12.096135590090135,0.24841449714193944,-12.096461258070974,0.03240189093155732,7456.666956326079
b11_s6_s7_delivery_linear_r3k,5,4.716403918794795,0.2835960810473166,3000,94.5320270157722,5000,B11/S6/S7 finite small-signal output impedance 3000 Ohm,true,false,1.123677108888958,1.1236771088889579,0.2485457834116872,-12.091872005685328,0.24854541061009877,-12.091885033932432,0.03241896660131723,7452.443621044412
b11_s6_s7_delivery_linear_r3k,5,4.716403918794795,0.2835960810473166,3000,94.5320270157722,15000,B11/S6/S7 finite small-signal output impedance 3000 Ohm,true,false,1.123677108888958,1.1236771088889579,0.24855030505605485,-12.091713989942006,0.24855026363269503,-12.091715437531306,0.03241959960426457,7452.287155210943
b11_s6_s7_delivery_linear_r3k,5,4.716403918794795,0.2835960810473166,3000,94.5320270157722,20000,B11/S6/S7 finite small-signal output impedance 3000 Ohm,true,false,1.123677108888958,1.1236771088889579,0.2485505523420603,-12.091705348239138,0.24855052904139086,-12.091706162508313,0.03241963422279012,7452.2785983908425
b11_s6_s7_delivery_linear_r3k,8,7.507203849958656,0.49279614988740317,3000,164.26538329580106,40,B11/S6/S7 finite small-signal output impedance 3000 Ohm,true,false,1.2298161596493005,1.2298161596493005,0.14221324749412279,-16.94119892365515,0.1352343666525234,-17.378258571594703,0.017639265215546533,9349.59753947764
b11_s6_s7_delivery_linear_r3k,8,7.507203849958656,0.49279614988740317,3000,164.26538329580106,100,B11/S6/S7 finite small-signal output impedance 3000 Ohm,true,false,1.2298161596493005,1.2298161596493005,0.16727988752134856,-15.53112544418001,0.16573605450897522,-15.611660082547715,0.02161774624030112,7261.734610686679
b11_s6_s7_delivery_linear_r3k,8,7.507203849958656,0.49279614988740317,3000,164.26538329580106,1000,B11/S6/S7 finite small-signal output impedance 3000 Ohm,true,false,1.2298161596493005,1.2298161596493005,0.17535704961741896,-15.121535402789226,0.17534031016811952,-15.122364590721613,0.022870475239319944,6796.430852204392
b11_s6_s7_delivery_linear_r3k,8,7.507203849958656,0.49279614988740317,3000,164.26538329580106,5000,B11/S6/S7 finite small-signal output impedance 3000 Ohm,true,false,1.2298161596493005,1.2298161596493005,0.1754445003095701,-15.117204822854845,0.17544383017441,-15.117237999905988,0.022883977848836095,6791.762615987063
b11_s6_s7_delivery_linear_r3k,8,7.507203849958656,0.49279614988740317,3000,164.26538329580106,15000,B11/S6/S7 finite small-signal output impedance 3000 Ohm,true,false,1.2298161596493005,1.2298161596493005,0.17544774300345437,-15.117044285357956,0.17544766854169677,-15.117047971736216,0.022884478505438722,6791.589656674785
b11_s6_s7_delivery_linear_r3k,8,7.507203849958656,0.49279614988740317,3000,164.26538329580106,20000,B11/S6/S7 finite small-signal output impedance 3000 Ohm,true,false,1.2298161596493005,1.2298161596493005,0.17544792034607123,-15.117035505663253,0.17544787846126195,-15.117037579252235,0.022884505886251565,6791.580197835259
b11_s6_s7_delivery_linear_r3k,12,11.224984311533941,0.7750156883326422,3000,258.33856277754745,40,B11/S6/S7 finite small-signal output impedance 3000 Ohm,true,false,1.3235219450816587,1.3235219450816595,0.1117835699833774,-19.03244049248361,0.10193358986049343,-19.833653613837157,0.013295685633977405,9096.180506901515
b11_s6_s7_delivery_linear_r3k,12,11.224984311533941,0.7750156883326422,3000,258.33856277754745,100,B11/S6/S7 finite small-signal output impedance 3000 Ohm,true,false,1.3235219450816587,1.3235219450816595,0.12402551170095255,-18.12977944976351,0.1216554203132956,-18.297370729367305,0.01586809830173421,6921.981533524028
b11_s6_s7_delivery_linear_r3k,12,11.224984311533941,0.7750156883326422,3000,258.33856277754745,1000,B11/S6/S7 finite small-signal output impedance 3000 Ohm,true,false,1.3235219450816587,1.3235219450816595,0.128336235693857,-17.833014068133867,0.12830993731445434,-17.83479414394231,0.01673607878014622,6430.023324401286
b11_s6_s7_delivery_linear_r3k,12,11.224984311533941,0.7750156883326422,3000,258.33856277754745,5000,B11/S6/S7 finite small-signal output impedance 3000 Ohm,true,false,1.3235219450816587,1.3235219450816595,0.1283839197433152,-17.829787376445807,0.12838286667773774,-17.829858622509327,0.016745591305791882,6425.068257891774
b11_s6_s7_delivery_linear_r3k,12,11.224984311533941,0.7750156883326422,3000,258.33856277754745,15000,B11/S6/S7 finite small-signal output impedance 3000 Ohm,true,false,1.3235219450816587,1.3235219450816595,0.12838568830138083,-17.829667724433303,0.1283855712894369,-17.82967564083978,0.016745944081230903,6424.88466346173
b11_s6_s7_delivery_linear_r3k,12,11.224984311533941,0.7750156883326422,3000,258.33856277754745,20000,B11/S6/S7 finite small-signal output impedance 3000 Ohm,true,false,1.3235219450816587,1.3235219450816595,0.12838578502452058,-17.829661180664974,0.12838571920515884,-17.829665633649068,0.016745963374585938,6424.874622989919
b11_s6_s7_delivery_linear_r10k,0,0,0,10000,0,40,B11/S6/S7 finite small-signal output impedance 10000 Ohm,false,true,0,0,0.8194275234979047,-1.7297890550943729,0.8194102544405811,-1.7299721081434187,0.2731367514801937,33996.57457480459
b11_s6_s7_delivery_linear_r10k,0,0,0,10000,0,100,B11/S6/S7 finite small-signal output impedance 10000 Ohm,false,true,0,0,0.8304676696201557,-1.6135454022136655,0.8304648692700652,-1.613574691220009,0.2768216230900217,33544.03401426689
b11_s6_s7_delivery_linear_r10k,0,0,0,10000,0,1000,B11/S6/S7 finite small-signal output impedance 10000 Ohm,false,true,0,0,0.8326000623467353,-1.5912712185682512,0.8326000342711892,-1.5912715114592924,0.27753334475706304,33458.01186140155
b11_s6_s7_delivery_linear_r10k,0,0,0,10000,0,5000,B11/S6/S7 finite small-signal output impedance 10000 Ohm,false,true,0,0,0.8326208207201982,-1.5910546647851385,0.8326208195971484,-1.5910546765007791,0.27754027319904945,33457.176624441214
b11_s6_s7_delivery_linear_r10k,0,0,0,10000,0,15000,B11/S6/S7 finite small-signal output impedance 10000 Ohm,false,true,0,0,0.8326215895787096,-1.59104664406679,0.8326215894539261,-1.591046645368529,0.27754052981797533,33457.145689338766
b11_s6_s7_delivery_linear_r10k,0,0,0,10000,0,20000,B11/S6/S7 finite small-signal output impedance 10000 Ohm,false,true,0,0,0.832621631625726,-1.5910462054332744,0.8326216315555351,-1.5910462061655037,0.2775405438518451,33457.14399757428
b11_s6_s7_delivery_linear_r10k,0.5,0.4854130588054539,0.014586941050814928,10000,1.4586941050814928,40,B11/S6/S7 finite small-signal output impedance 10000 Ohm,false,true,0.4506066094964222,0.4506066094964222,0.8016853517540585,-1.9199210335655459,0.8016633845732943,-1.9201590410600677,0.2672211281910981,31206.610609891904
b11_s6_s7_delivery_linear_r10k,0.5,0.4854130588054539,0.014586941050814928,10000,1.4586941050814928,100,B11/S6/S7 finite small-signal output impedance 10000 Ohm,false,true,0.4506066094964222,0.4506066094964222,0.8145700688239124,-1.7814310400073043,0.8145664973626645,-1.7814691231476494,0.2715221657875548,30712.177516581534
b11_s6_s7_delivery_linear_r10k,0.5,0.4854130588054539,0.014586941050814928,10000,1.4586941050814928,1000,B11/S6/S7 finite small-signal output impedance 10000 Ohm,false,true,0.4506066094964222,0.4506066094964222,0.817070269661329,-1.7548118335174103,0.8170702338366735,-1.754812214352477,0.2723567446122245,30618.04672752071
b11_s6_s7_delivery_linear_r10k,0.5,0.4854130588054539,0.014586941050814928,10000,1.4586941050814928,5000,B11/S6/S7 finite small-signal output impedance 10000 Ohm,false,true,0.4506066094964222,0.4506066094964222,0.817094627106445,-1.7545529048369857,0.8170946256734161,-1.7545529200703878,0.272364875224472,30617.13252722313
b11_s6_s7_delivery_linear_r10k,0.5,0.4854130588054539,0.014586941050814928,10000,1.4586941050814928,15000,B11/S6/S7 finite small-signal output impedance 10000 Ohm,false,true,0.4506066094964222,0.4506066094964222,0.8170955292759664,-1.7545433145884246,0.8170955291167409,-1.7545433162810236,0.2723651763722469,30617.098667429364
b11_s6_s7_delivery_linear_r10k,0.5,0.4854130588054539,0.014586941050814928,10000,1.4586941050814928,20000,B11/S6/S7 finite small-signal output impedance 10000 Ohm,false,true,0.4506066094964222,0.4506066094964222,0.8170955786134572,-1.7545427901210011,0.8170955785238927,-1.7545427910730895,0.2723651928412975,30617.096815721245
b11_s6_s7_delivery_linear_r10k,1,0.9322991615803013,0.0677008382759674,10000,6.77008382759674,40,B11/S6/S7 finite small-signal output impedance 10000 Ohm,true,false,0.7047257419784936,0.7047257419784936,0.6586598815760242,-3.626775765351027,0.6585020036123703,-3.6288579856013508,0.21950066787079006,19342.490230997115
b11_s6_s7_delivery_linear_r10k,1,0.9322991615803013,0.0677008382759674,10000,6.77008382759674,100,B11/S6/S7 finite small-signal output impedance 10000 Ohm,true,false,0.7047257419784936,0.7047257419784936,0.6883939455579514,-3.24325915917123,0.6883675100897378,-3.2435927181309463,0.22945583669657926,18497.996611924074
b11_s6_s7_delivery_linear_r10k,1,0.9322991615803013,0.0677008382759674,10000,6.77008382759674,1000,B11/S6/S7 finite small-signal output impedance 10000 Ohm,true,false,0.7047257419784936,0.7047257419784936,0.6944730630011414,-3.1668918975004146,0.6944727962459311,-3.1668952338526593,0.23149093208197702,18334.38424574805
b11_s6_s7_delivery_linear_r10k,1,0.9322991615803013,0.0677008382759674,10000,6.77008382759674,5000,B11/S6/S7 finite small-signal output impedance 10000 Ohm,true,false,0.7047257419784936,0.7047257419784936,0.6945328143001767,-3.166144610252819,0.6945328036290247,-3.1661447437072034,0.23151093454300825,18332.79054335856
b11_s6_s7_delivery_linear_r10k,1,0.9322991615803013,0.0677008382759674,10000,6.77008382759674,15000,B11/S6/S7 finite small-signal output impedance 10000 Ohm,true,false,0.7047257419784936,0.7047257419784936,0.6945350276116523,-3.166116930425193,0.6945350264259648,-3.1661169452534605,0.23151167547532156,18332.731514679657
b11_s6_s7_delivery_linear_r10k,1,0.9322991615803013,0.0677008382759674,10000,6.77008382759674,20000,B11/S6/S7 finite small-signal output impedance 10000 Ohm,true,false,0.7047257419784936,0.7047257419784936,0.694535148652745,-3.166115416679393,0.6945351479857957,-3.1661154250202923,0.2315117159952652,18332.728286543177
b11_s6_s7_delivery_linear_r10k,2,1.7628560899624073,0.23714390991613987,10000,23.71439099161399,40,B11/S6/S7 finite small-signal output impedance 10000 Ohm,true,false,0.8905660921882914,0.8905660921882914,0.43308411500113075,-7.268554907433707,0.432155901829108,-7.28719103176648,0.14405196727636935,12779.16891599241
b11_s6_s7_delivery_linear_r10k,2,1.7628560899624073,0.23714390991613987,10000,23.71439099161399,100,B11/S6/S7 finite small-signal output impedance 10000 Ohm,true,false,0.8905660921882914,0.8905660921882914,0.4838219410400496,-6.306288810571948,0.4836546490005589,-6.309292666627552,0.16121821633351963,11390.797524744565
b11_s6_s7_delivery_linear_r10k,2,1.7628560899624073,0.23714390991613987,10000,23.71439099161399,1000,B11/S6/S7 finite small-signal output impedance 10000 Ohm,true,false,0.8905660921882914,0.8905660921882914,0.4956734739820666,-6.096086435754541,0.49567175739148084,-6.096116516327705,0.1652239191304936,11109.534206797352
b11_s6_s7_delivery_linear_r10k,2,1.7628560899624073,0.23714390991613987,10000,23.71439099161399,5000,B11/S6/S7 finite small-signal output impedance 10000 Ohm,true,false,0.8905660921882914,0.8905660921882914,0.495792892753001,-6.093994063678459,0.49579282407178926,-6.093995266917705,0.16526427469059643,11106.771890990778
b11_s6_s7_delivery_linear_r10k,2,1.7628560899624073,0.23714390991613987,10000,23.71439099161399,15000,B11/S6/S7 finite small-signal output impedance 10000 Ohm,true,false,0.8905660921882914,0.8905660921882914,0.49579731740009136,-6.093916547793528,0.4957973097687731,-6.093916681486846,0.16526576992292438,11106.669569787662
b11_s6_s7_delivery_linear_r10k,2,1.7628560899624073,0.23714390991613987,10000,23.71439099161399,20000,B11/S6/S7 finite small-signal output impedance 10000 Ohm,true,false,0.8905660921882914,0.8905660921882914,0.49579755937654435,-6.093912308601062,0.4957975550839256,-6.093912383803556,0.16526585169464186,11106.663974069614
b11_s6_s7_delivery_linear_r10k,3,2.5752708166650384,0.4247291832135085,10000,42.472918321350846,40,B11/S6/S7 finite small-signal output impedance 10000 Ohm,true,false,0.9838812136045648,0.9838812136045649,0.3225441020669098,-9.828217901206372,0.32067852433405236,-9.878602471248055,0.10689284144468414,11148.543785295988
b11_s6_s7_delivery_linear_r10k,3,2.5752708166650384,0.4247291832135085,10000,42.472918321350846,100,B11/S6/S7 finite small-signal output impedance 10000 Ohm,true,false,0.9838812136045648,0.9838812136045649,0.3744986374017332,-8.53099516249376,0.37414498217869513,-8.539201498286626,0.12471499405956503,9497.555922416579
b11_s6_s7_delivery_linear_r10k,3,2.5752708166650384,0.4247291832135085,10000,42.472918321350846,1000,B11/S6/S7 finite small-signal output impedance 10000 Ohm,true,false,0.9838812136045648,0.9838812136045649,0.3877906021513605,-8.22805439938355,0.3877869259033108,-8.228136741854,0.12926230863443694,9152.869792623907
b11_s6_s7_delivery_linear_r10k,3,2.5752708166650384,0.4247291832135085,10000,42.472918321350846,5000,B11/S6/S7 finite small-signal output impedance 10000 Ohm,true,false,0.9838812136045648,0.9838812136045649,0.387927085170678,-8.224997935737385,0.3879269380634801,-8.225001229544848,0.12930897935449334,9149.463743454562
b11_s6_s7_delivery_linear_r10k,3,2.5752708166650384,0.4247291832135085,10000,42.472918321350846,15000,B11/S6/S7 finite small-signal output impedance 10000 Ohm,true,false,0.9838812136045648,0.9838812136045649,0.3879321430787916,-8.224884687276646,0.38793212673331157,-8.224885053255699,0.12931070891110386,9149.337569109135
b11_s6_s7_delivery_linear_r10k,3,2.5752708166650384,0.4247291832135085,10000,42.472918321350846,20000,B11/S6/S7 finite small-signal output impedance 10000 Ohm,true,false,0.9838812136045648,0.9838812136045649,0.3879324196892868,-8.224878493906436,0.3879324104949471,-8.224878699769668,0.12931080349831567,9149.330668899367
b11_s6_s7_delivery_linear_r10k,5,4.185581096371762,0.8144189034703491,10000,81.4418903470349,40,B11/S6/S7 finite small-signal output impedance 10000 Ohm,true,false,1.0964636704674553,1.0964636704674555,0.21990440604785547,-13.155321378850527,0.21619187038684207,-13.303212823058086,0.07206395679561402,10038.793318848891
b11_s6_s7_delivery_linear_r10k,5,4.185581096371762,0.8144189034703491,10000,81.4418903470349,100,B11/S6/S7 finite small-signal output impedance 10000 Ohm,true,false,1.0964636704674553,1.0964636704674555,0.2628932799403536,-11.60441030313887,0.26214247825985454,-11.629251982511132,0.0873808260866182,8141.363237374459
b11_s6_s7_delivery_linear_r10k,5,4.185581096371762,0.8144189034703491,10000,81.4418903470349,1000,B11/S6/S7 finite small-signal output impedance 10000 Ohm,true,false,1.0964636704674553,1.0964636704674555,0.2751567297630344,-11.208397215609391,0.2751487855998797,-11.208647993123,0.09171626186662657,7731.4920925030665
b11_s6_s7_delivery_linear_r10k,5,4.185581096371762,0.8144189034703491,10000,81.4418903470349,5000,B11/S6/S7 finite small-signal output impedance 10000 Ohm,true,false,1.0964636704674553,1.0964636704674555,0.2752857586269291,-11.204325108110137,0.27528544067767885,-11.204335140135427,0.09176181355922626,7727.411061567985
b11_s6_s7_delivery_linear_r10k,5,4.185581096371762,0.8144189034703491,10000,81.4418903470349,15000,B11/S6/S7 finite small-signal output impedance 10000 Ohm,true,false,1.0964636704674553,1.0964636704674555,0.27529054154734195,-11.20417419744129,0.27529050621889484,-11.204175312114575,0.09176350207296494,7727.259870847164
b11_s6_s7_delivery_linear_r10k,5,4.185581096371762,0.8144189034703491,10000,81.4418903470349,20000,B11/S6/S7 finite small-signal output impedance 10000 Ohm,true,false,1.0964636704674553,1.0964636704674555,0.27529080312170057,-11.204165944324714,0.27529078324942596,-11.204166571328553,0.0917635944164753,7727.251602519223
b11_s6_s7_delivery_linear_r10k,8,6.588208595514073,1.4117914043319866,10000,141.17914043319865,40,B11/S6/S7 finite small-signal output impedance 10000 Ohm,true,false,1.1998639611684094,1.1998639611684094,0.1571006672961736,-16.07643940519283,0.15092148726191182,-16.424978473547682,0.050307162420637264,9478.65098537803
b11_s6_s7_delivery_linear_r10k,8,6.588208595514073,1.4117914043319866,10000,141.17914043319865,100,B11/S6/S7 finite small-signal output impedance 10000 Ohm,true,false,1.1998639611684094,1.1998639611684094,0.18659454730762592,-14.582021028383018,0.1852585117660465,-14.644436581617448,0.06175283725534883,7424.393242558376
b11_s6_s7_delivery_linear_r10k,8,6.588208595514073,1.4117914043319866,10000,141.17914043319865,1000,B11/S6/S7 finite small-signal output impedance 10000 Ohm,true,false,1.1998639611684094,1.1998639611684094,0.19583828787660265,-14.16204792706669,0.1958238906316518,-14.162686502286121,0.0652746302105506,6969.417930546389
b11_s6_s7_delivery_linear_r10k,8,6.588208595514073,1.4117914043319866,10000,141.17914043319865,5000,B11/S6/S7 finite small-signal output impedance 10000 Ohm,true,false,1.1998639611684094,1.1998639611684094,0.19593771123730938,-14.157639385660193,0.1959371349055958,-14.157664934397031,0.06531237830186527,6964.860436857147
b11_s6_s7_delivery_linear_r10k,8,6.588208595514073,1.4117914043319866,10000,141.17914043319865,15000,B11/S6/S7 finite small-signal output impedance 10000 Ohm,true,false,1.1998639611684094,1.1998639611684094,0.1959413976124662,-14.15747597073424,0.19594133357378868,-14.157478809506356,0.06531377785792956,6964.691583479303
b11_s6_s7_delivery_linear_r10k,8,6.588208595514073,1.4117914043319866,10000,141.17914043319865,20000,B11/S6/S7 finite small-signal output impedance 10000 Ohm,true,false,1.1998639611684094,1.1998639611684094,0.195941599219416,-14.157467033700836,0.19594156319760392,-14.157468630510877,0.06531385439920129,6964.682349192058
b11_s6_s7_delivery_linear_r10k,12,9.78258609145529,2.2174139084112934,10000,221.74139084112934,40,B11/S6/S7 finite small-signal output impedance 10000 Ohm,true,false,1.29118925034678,1.29118925034678,0.12167638759314328,-18.295873847551608,0.11280148162563686,-18.953703918824374,0.03760049387521228,9181.777600697125
b11_s6_s7_delivery_linear_r10k,12,9.78258609145529,2.2174139084112934,10000,221.74139084112934,100,B11/S6/S7 finite small-signal output impedance 10000 Ohm,true,false,1.29118925034678,1.29118925034678,0.13839039681492046,-17.177880907843726,0.13632237521621918,-17.30865711141976,0.04544079173873972,7032.325401262753
b11_s6_s7_delivery_linear_r10k,12,9.78258609145529,2.2174139084112934,10000,221.74139084112934,1000,B11/S6/S7 finite small-signal output impedance 10000 Ohm,true,false,1.29118925034678,1.29118925034678,0.14409130820869526,-16.827244313053974,0.14406856707399887,-16.82861526719139,0.04802285569133295,6548.3239313013955
b11_s6_s7_delivery_linear_r10k,12,9.78258609145529,2.2174139084112934,10000,221.74139084112934,5000,B11/S6/S7 finite small-signal output impedance 10000 Ohm,true,false,1.29118925034678,1.29118925034678,0.14415387617005893,-16.82347350649573,0.14415296563338525,-16.823528370410923,0.04805098854446175,6543.4551988562425
b11_s6_s7_delivery_linear_r10k,12,9.78258609145529,2.2174139084112934,10000,221.74139084112934,15000,B11/S6/S7 finite small-signal output impedance 10000 Ohm,true,false,1.29118925034678,1.29118925034678,0.14415619655519274,-16.823333694459336,0.14415609538077917,-16.823339790555927,0.04805203179359305,6543.27480581306
b11_s6_s7_delivery_linear_r10k,12,9.78258609145529,2.2174139084112934,10000,221.74139084112934,20000,B11/S6/S7 finite small-signal output impedance 10000 Ohm,true,false,1.29118925034678,1.29118925034678,0.14415632345755294,-16.82332604817401,0.14415626654683233,-16.823329477231606,0.04805208884894411,6543.264940424991
b11_s7_detector_r31_51k,0,0,0,51000,0,40,B11/S6/S7 finite small-signal output impedance 51000 Ohm,false,true,0,0,0.9108876176187325,-0.8107040315334935,0.9108834884485978,-0.8107434058719791,0.6542965902940632,65941.5522108018
b11_s7_detector_r31_51k,0,0,0,51000,0,100,B11/S6/S7 finite small-signal output impedance 51000 Ohm,false,true,0,0,0.9141025063955055,-0.7801020051102819,0.9141018433927368,-0.7801083050284275,0.6566083663806982,65709.38626330283
b11_s7_detector_r31_51k,0,0,0,51000,0,1000,B11/S6/S7 finite small-signal output impedance 51000 Ohm,false,true,0,0,0.9147125715205132,-0.7743070413565472,0.9147125648860535,-0.7743071043557748,0.6570470536505455,65665.51441104649
b11_s7_detector_r31_51k,0,0,0,51000,0,5000,B11/S6/S7 finite small-signal output impedance 51000 Ohm,false,true,0,0,0.9147184932931828,-0.7742508098156502,0.9147184930278026,-0.7742508123356198,0.6570513118932103,65665.08884352991
b11_s7_detector_r31_51k,0,0,0,51000,0,15000,B11/S6/S7 finite small-signal output impedance 51000 Ohm,false,true,0,0,0.914718712620301,-0.7742487271520446,0.9147187125908142,-0.7742487274320429,0.6570514696074863,65665.07308171752
b11_s7_detector_r31_51k,0,0,0,51000,0,20000,B11/S6/S7 finite small-signal output impedance 51000 Ohm,false,true,0,0,0.9147187246147647,-0.7742486132562804,0.9147187245981784,-0.7742486134137787,0.6570514782324944,65665.07221974278
b11_s7_detector_r31_51k,0.5,0.4377561006080548,0.062243899248213996,51000,1.2204686127100783,40,B11/S6/S7 finite small-signal output impedance 51000 Ohm,false,true,0.4102149349450327,0.4102149349450327,0.8983278776084833,-0.9313024549227077,0.898322070969513,-0.9313585992209382,0.6452736002738755,58167.65117620136
b11_s7_detector_r31_51k,0.5,0.4377561006080548,0.062243899248213996,51000,1.2204686127100783,100,B11/S6/S7 finite small-signal output impedance 51000 Ohm,false,true,0.4102149349450327,0.4102149349450327,0.902417757408958,-0.8918473481356113,0.9024168240750201,-0.8918563316021997,0.6482149018003668,57903.561944645655
b11_s7_detector_r31_51k,0.5,0.4377561006080548,0.062243899248213996,51000,1.2204686127100783,1000,B11/S6/S7 finite small-signal output impedance 51000 Ohm,false,true,0.4102149349450327,0.4102149349450327,0.9031952862147435,-0.8843667532886056,0.9031952768732833,-0.8843668431239875,0.6487740721202456,57853.627091766146
b11_s7_detector_r31_51k,0.5,0.4377561006080548,0.062243899248213996,51000,1.2204686127100783,5000,B11/S6/S7 finite small-signal output impedance 51000 Ohm,false,true,0.4102149349450327,0.4102149349450327,0.9032028357543096,-0.8842941508354789,0.903202835380648,-0.8842941544288941,0.6487795014706065,57853.1426638974
b11_s7_detector_r31_51k,0.5,0.4377561006080548,0.062243899248213996,51000,1.2204686127100783,15000,B11/S6/S7 finite small-signal output impedance 51000 Ohm,false,true,0.4102149349450327,0.4102149349450327,0.9032031153705254,-0.8842914618323892,0.9032031153290074,-0.8842914622316579,0.6487797025602731,57853.12472204779
b11_s7_detector_r31_51k,0.5,0.4377561006080548,0.062243899248213996,51000,1.2204686127100783,20000,B11/S6/S7 finite small-signal output impedance 51000 Ohm,false,true,0.4102149349450327,0.4102149349450327,0.9032031306620532,-0.8842913147774039,0.9032031306386994,-0.8842913150019913,0.6487797135573756,57853.123740853174
b11_s7_detector_r31_51k,1,0.7776761445924518,0.22232385526381693,51000,4.359291279682685,40,B11/S6/S7 finite small-signal output impedance 51000 Ohm,false,true,0.64000866944388,0.64000866944388,0.7908094557439005,-2.038562928976944,0.7907462695499219,-2.0392569649809396,0.5680008415076904,29857.34922289439
b11_s7_detector_r31_51k,1,0.7776761445924518,0.22232385526381693,51000,4.359291279682685,100,B11/S6/S7 finite small-signal output impedance 51000 Ohm,false,true,0.64000866944388,0.64000866944388,0.8053822762365368,-1.8799586397757737,0.8053719720670893,-1.8800697689299923,0.5785066278228388,29310.374272522567
b11_s7_detector_r31_51k,1,0.7776761445924518,0.22232385526381693,51000,4.359291279682685,1000,B11/S6/S7 finite small-signal output impedance 51000 Ohm,false,true,0.64000866944388,0.64000866944388,0.8082233101466114,-1.849372562597489,0.8082232067261274,-1.8493736740464628,0.5805546977891901,29206.07855770749
b11_s7_detector_r31_51k,1,0.7776761445924518,0.22232385526381693,51000,4.359291279682685,5000,B11/S6/S7 finite small-signal output impedance 51000 Ohm,false,true,0.64000866944388,0.64000866944388,0.8082510094932033,-1.8490748857774573,0.8082510053562362,-1.8490749302354774,0.5805746658192682,29205.06537587985
b11_s7_detector_r31_51k,1,0.7776761445924518,0.22232385526381693,51000,4.359291279682685,15000,B11/S6/S7 finite small-signal output impedance 51000 Ohm,false,true,0.64000866944388,0.64000866944388,0.8082520354505587,-1.8490638603081389,0.8082520349908949,-1.8490638652479205,0.5805754054159951,29205.027849949467
b11_s7_detector_r31_51k,1,0.7776761445924518,0.22232385526381693,51000,4.359291279682685,20000,B11/S6/S7 finite small-signal output impedance 51000 Ohm,false,true,0.64000866944388,0.64000866944388,0.8082520915577253,-1.8490632573518597,0.8082520912991645,-1.8490632601304855,0.5805754458627802,29205.025797749244
b11_s7_detector_r31_51k,2,1.2993880953853643,0.7006119044931829,51000,13.737488323395743,40,B11/S6/S7 finite small-signal output impedance 51000 Ohm,true,false,0.8079892472621968,0.8079892472621968,0.5842503677977701,-4.66802011076463,0.5838070552257238,-4.674613218577558,0.41935436361284384,16481.859228668352
b11_s7_detector_r31_51k,2,1.2993880953853643,0.7006119044931829,51000,13.737488323395743,100,B11/S6/S7 finite small-signal output impedance 51000 Ohm,true,false,0.8079892472621968,0.8079892472621968,0.6233832569680947,-4.104897326522521,0.6233072958253858,-4.105955793038834,0.447727775874573,15420.023566468104
b11_s7_detector_r31_51k,2,1.2993880953853643,0.7006119044931829,51000,13.737488323395743,1000,B11/S6/S7 finite small-signal output impedance 51000 Ohm,true,false,0.8079892472621968,0.8079892472621968,0.6317194757371695,-3.9895146744032757,0.6317187054297957,-3.9895252658274316,0.453769774322811,15211.471908933336
b11_s7_detector_r31_51k,2,1.2993880953853643,0.7006119044931829,51000,13.737488323395743,5000,B11/S6/S7 finite small-signal output impedance 51000 Ohm,true,false,0.8079892472621968,0.8079892472621968,0.6318020129454487,-3.9883798949957416,0.6318019821289192,-3.988380318655329,0.4538295927968293,15209.435566071683
b11_s7_detector_r31_51k,2,1.2993880953853643,0.7006119044931829,51000,13.737488323395743,15000,B11/S6/S7 finite small-signal output impedance 51000 Ohm,true,false,0.8079892472621968,0.8079892472621968,0.6318050705211931,-3.988337860148322,0.6318050670971168,-3.98833790722162,0.4538318087599007,15209.36014072084
b11_s7_detector_r31_51k,2,1.2993880953853643,0.7006119044931829,51000,13.737488323395743,20000,B11/S6/S7 finite small-signal output impedance 51000 Ohm,true,false,0.8079892472621968,0.8079892472621968,0.6318052377336887,-3.9883355613552944,0.6318052358076452,-3.9883355878340248,0.4538319299463368,15209.356015885984
b11_s7_detector_r31_51k,3,1.775808805945244,1.224191193933303,51000,24.003748900652997,40,B11/S6/S7 finite small-signal output impedance 51000 Ohm,true,false,0.8924474488969631,0.8924474488969634,0.4598792658092225,-6.747123413112988,0.4589225394439879,-6.765212238315855,0.32964858467103353,13330.53090362035
b11_s7_detector_r31_51k,3,1.775808805945244,1.224191193933303,51000,24.003748900652997,100,B11/S6/S7 finite small-signal output impedance 51000 Ohm,true,false,0.8924474488969631,0.8924474488969634,0.5097167351194697,-5.853422146718024,0.5095456396026282,-5.856338209996071,0.3660116566159724,11974.661452568322
b11_s7_detector_r31_51k,3,1.775808805945244,1.224191193933303,51000,24.003748900652997,1000,B11/S6/S7 finite small-signal output impedance 51000 Ohm,true,false,0.8924474488969631,0.8924474488969634,0.5211890792306161,-5.660093857637669,0.5211873269803193,-5.660123059857915,0.3743739954365674,11701.366393787073
b11_s7_detector_r31_51k,3,1.775808805945244,1.224191193933303,51000,24.003748900652997,5000,B11/S6/S7 finite small-signal output impedance 51000 Ohm,true,false,0.8924474488969631,0.8924474488969634,0.5213043424183059,-5.6581731484784665,0.5213042723117107,-5.6581743165834295,0.37445799842108807,11698.684967794243
b11_s7_detector_r31_51k,3,1.775808805945244,1.224191193933303,51000,24.003748900652997,15000,B11/S6/S7 finite small-signal output impedance 51000 Ohm,true,false,0.8924474488969631,0.8924474488969634,0.5213086129657432,-5.658101993591042,0.521308605176053,-5.6581021233805515,0.37446111076026356,11698.585643903752
b11_s7_detector_r31_51k,3,1.775808805945244,1.224191193933303,51000,24.003748900652997,20000,B11/S6/S7 finite small-signal output impedance 51000 Ohm,true,false,0.8924474488969631,0.8924474488969634,0.5213088465144781,-5.658098102272096,0.5213088421327754,-5.658098175278695,0.3744612809686132,11698.58021210402
b11_s7_detector_r31_51k,5,2.6923436287199616,2.3076563711221496,51000,45.24816413964999,40,B11/S6/S7 finite small-signal output impedance 51000 Ohm,true,false,0.9944102128169651,0.9944102128169651,0.3265600407692362,-9.72073916817418,0.3245165078475562,-9.77526412305025,0.23310340704542773,11231.406020002118
b11_s7_detector_r31_51k,5,2.6923436287199616,2.3076563711221496,51000,45.24816413964999,100,B11/S6/S7 finite small-signal output impedance 51000 Ohm,true,false,0.9944102128169651,0.9944102128169651,0.3787785343010384,-8.43229281611865,0.3783907764690065,-8.441189167256638,0.2718018253509765,9566.255794069151
b11_s7_detector_r31_51k,5,2.6923436287199616,2.3076563711221496,51000,45.24816413964999,1000,B11/S6/S7 finite small-signal output impedance 51000 Ohm,true,false,0.9944102128169651,0.9944102128169651,0.3921520200498275,-8.130910870288893,0.39214798850071664,-8.13100016670676,0.2816837663878388,9218.57769560161
b11_s7_detector_r31_51k,5,2.6923436287199616,2.3076563711221496,51000,45.24816413964999,5000,B11/S6/S7 finite small-signal output impedance 51000 Ohm,true,false,0.9944102128169651,0.9944102128169651,0.3922893669982853,-8.127869265222365,0.39228920567319,-8.127872837208711,0.2817852040751083,9215.142003053648
b11_s7_detector_r31_51k,5,2.6923436287199616,2.3076563711221496,51000,45.24816413964999,15000,B11/S6/S7 finite small-signal output impedance 51000 Ohm,true,false,0.9944102128169651,0.9944102128169651,0.39229445693297116,-8.127756566974968,0.3922944390077005,-8.127756963862875,0.2817889632308835,9215.01473056251
b11_s7_detector_r31_51k,5,2.6923436287199616,2.3076563711221496,51000,45.24816413964999,20000,B11/S6/S7 finite small-signal output impedance 51000 Ohm,true,false,0.9944102128169651,0.9944102128169651,0.3922947352949812,-8.127750403694305,0.3922947252120085,-8.127750626943769,0.28178916881425964,9215.007770297418
b11_s7_detector_r31_51k,8,4.035012793122399,3.9649872067236602,51000,77.74484719066,40,B11/S6/S7 finite small-signal output impedance 51000 Ohm,true,false,1.0880971970634177,1.088097197063418,0.23407009952712596,-12.613081204046246,0.23046250111546704,-12.747994584096782,0.165543486716744,10194.728825934186
b11_s7_detector_r31_51k,8,4.035012793122399,3.9649872067236602,51000,77.74484719066,100,B11/S6/S7 finite small-signal output impedance 51000 Ohm,true,false,1.0880971970634177,1.088097197063418,0.2788786094997412,-11.091695912777952,0.27815449165661077,-11.11427845302639,0.1998011137251711,8314.341937215027
b11_s7_detector_r31_51k,8,4.035012793122399,3.9649872067236602,51000,77.74484719066,1000,B11/S6/S7 finite small-signal output impedance 51000 Ohm,true,false,1.0880971970634177,1.088097197063418,0.2915019527404124,-10.70717063205851,0.29149430739295035,-10.707398443620416,0.20938323488789395,7909.775847585803
b11_s7_detector_r31_51k,8,4.035012793122399,3.9649872067236602,51000,77.74484719066,5000,B11/S6/S7 finite small-signal output impedance 51000 Ohm,true,false,1.0880971970634177,1.088097197063418,0.29163437957378135,-10.703225603029123,0.2916340735909994,-10.70323471626904,0.20948363032592912,7905.751367322103
b11_s7_detector_r31_51k,8,4.035012793122399,3.9649872067236602,51000,77.74484719066,15000,B11/S6/S7 finite small-signal output impedance 51000 Ohm,true,false,1.0880971970634177,1.088097197063418,0.2916392882954222,-10.703079405397427,0.29163925429663967,-10.70308041798284,0.20948735167786797,7905.602273129428
b11_s7_detector_r31_51k,8,4.035012793122399,3.9649872067236602,51000,77.74484719066,20000,B11/S6/S7 finite small-signal output impedance 51000 Ohm,true,false,1.0880971970634177,1.088097197063418,0.2916395567494338,-10.703071410038302,0.29163953762509737,-10.703071979617693,0.2094875551954925,7905.594119459623
b11_s7_detector_r31_51k,12,5.802381993877804,6.1976180059887795,51000,121.5219216860545,40,B11/S6/S7 finite small-signal output impedance 51000 Ohm,true,false,1.170863373960361,1.170863373960361,0.17632194522590977,-15.073872631223777,0.1708307675637542,-15.34867815540089,0.12270942458804882,9655.199897363325
b11_s7_detector_r31_51k,12,5.802381993877804,6.1976180059887795,51000,121.5219216860545,100,B11/S6/S7 finite small-signal output impedance 51000 Ohm,true,false,1.170863373960361,1.170863373960361,0.21046156052849666,-13.536544274456963,0.20929949491083136,-13.584636394306393,0.1503418907105972,7636.938695923819
b11_s7_detector_r31_51k,12,5.802381993877804,6.1976180059887795,51000,121.5219216860545,1000,B11/S6/S7 finite small-signal output impedance 51000 Ohm,true,false,1.170863373960361,1.170863373960361,0.22086218169152924,-13.117572843166263,0.2208497324421147,-13.118062450999151,0.1586385402048993,7193.122674467547
b11_s7_detector_r31_51k,12,5.802381993877804,6.1976180059887795,51000,121.5219216860545,5000,B11/S6/S7 finite small-signal output impedance 51000 Ohm,true,false,1.170863373960361,1.170863373960361,0.2209732972095455,-13.11320408061549,0.22097279888822768,-13.11322366836164,0.15872694004647342,7188.684794633801
b11_s7_detector_r31_51k,12,5.802381993877804,6.1976180059887795,51000,121.5219216860545,15000,B11/S6/S7 finite small-signal output impedance 51000 Ohm,true,false,1.170863373960361,1.170863373960361,0.22097741679564964,-13.113042151834193,0.22097736142516705,-13.113044328264564,0.15873021736173976,7188.520376072161
b11_s7_detector_r31_51k,12,5.802381993877804,6.1976180059887795,51000,121.5219216860545,20000,B11/S6/S7 finite small-signal output impedance 51000 Ohm,true,false,1.170863373960361,1.170863373960361,0.22097764209416876,-13.113033296100864,0.22097761094822782,-13.11303452034338,0.15873039659661436,7188.511384323561
b11_s6_s7_high_z_100k,0,0,0,100000,0,40,B11/S6/S7 finite small-signal output impedance 100000 Ohm,false,true,0,0,0.9406825286747594,-0.5311384412958502,0.9406807016876282,-0.5311553109872911,0.7839005847396902,97551.3736914559
b11_s6_s7_high_z_100k,0,0,0,100000,0,100,B11/S6/S7 finite small-signal output impedance 100000 Ohm,false,true,0,0,0.9421953074772648,-0.517181261174658,0.94219501468851,-0.5171839603296914,0.7851625122404251,97394.58734560145
b11_s6_s7_high_z_100k,0,0,0,100000,0,1000,B11/S6/S7 finite small-signal output impedance 100000 Ohm,false,true,0,0,0.9424813941997259,-0.5145442914332825,0.9424813912709478,-0.5145443184248428,0.7854011593924567,97364.9936270088
b11_s6_s7_high_z_100k,0,0,0,100000,0,5000,B11/S6/S7 finite small-signal output impedance 100000 Ohm,false,true,0,0,0.942484169651642,-0.5145187129617167,0.9424841695344907,-0.5145187140413775,0.7854034746120758,97364.70661358112
b11_s6_s7_high_z_100k,0,0,0,100000,0,15000,B11/S6/S7 finite small-signal output impedance 100000 Ohm,false,true,0,0,0.9424842724466214,-0.5145177656080883,0.9424842724336044,-0.5145177657280515,0.7854035603613373,97364.69598343867
b11_s6_s7_high_z_100k,0,0,0,100000,0,20000,B11/S6/S7 finite small-signal output impedance 100000 Ohm,false,true,0,0,0.9424842780682308,-0.514517713799607,0.9424842780609085,-0.5145177138670887,0.7854035650507574,97364.6954021022
b11_s6_s7_high_z_100k,0.5,0.3952321164110453,0.10476788344522353,100000,1.0476788344522354,40,B11/S6/S7 finite small-signal output impedance 100000 Ohm,false,true,0.3725627367681751,0.3725627367681751,0.9327938152011694,-0.6042868424582656,0.9327913090287786,-0.6043101791975203,0.7773260908573156,86463.62439229022
b11_s6_s7_high_z_100k,0.5,0.3952321164110453,0.10476788344522353,100000,1.0476788344522354,100,B11/S6/S7 finite small-signal output impedance 100000 Ohm,false,true,0.3725627367681751,0.3725627367681751,0.93470825717108,-0.5864784151047964,0.9347078553472605,-0.586482149102087,0.7789232127893839,86286.213059377
b11_s6_s7_high_z_100k,0.5,0.3952321164110453,0.10476788344522353,100000,1.0476788344522354,1000,B11/S6/S7 finite small-signal output impedance 100000 Ohm,false,true,0.3725627367681751,0.3725627367681751,0.9350705924854135,-0.5831120227720904,0.9350705884655924,-0.5831120601122894,0.7792254903879939,86252.71741188384
b11_s6_s7_high_z_100k,0.5,0.3952321164110453,0.10476788344522353,100000,1.0476788344522354,5000,B11/S6/S7 finite small-signal output impedance 100000 Ohm,false,true,0.3725627367681751,0.3725627367681751,0.9350741081085799,-0.5830793661388114,0.9350741079477864,-0.5830793676324197,0.7792284232898221,86252.39254184645
b11_s6_s7_high_z_100k,0.5,0.3952321164110453,0.10476788344522353,100000,1.0476788344522354,15000,B11/S6/S7 finite small-signal output impedance 100000 Ohm,false,true,0.3725627367681751,0.3725627367681751,0.9350742383176059,-0.5830781566291681,0.9350742382997399,-0.5830781567951254,0.77922853191645,86252.38050960613
b11_s6_s7_high_z_100k,0.5,0.3952321164110453,0.10476788344522353,100000,1.0476788344522354,20000,B11/S6/S7 finite small-signal output impedance 100000 Ohm,false,true,0.3725627367681751,0.3725627367681751,0.9350742454384199,-0.5830780904840415,0.9350742454283701,-0.5830780905773933,0.7792285378569754,86252.3798515902
b11_s6_s7_high_z_100k,1,0.6842063481413245,0.3157936517149442,100000,3.1579365171494422,40,B11/S6/S7 finite small-signal output impedance 100000 Ohm,false,true,0.5905202493095567,0.5905202493095567,0.856142888009168,-1.3490749332051704,0.8561135070084708,-1.3493730195551819,0.7134279225070591,42095.582584537224
b11_s6_s7_high_z_100k,1,0.6842063481413245,0.3157936517149442,100000,3.1579365171494422,100,B11/S6/S7 finite small-signal output impedance 100000 Ohm,false,true,0.5905202493095567,0.5905202493095567,0.8639784330482437,-1.2699419681314428,0.8639736864231459,-1.269989687812201,0.7199780720192884,41708.56348050586
b11_s6_s7_high_z_100k,1,0.6842063481413245,0.3157936517149442,100000,3.1579365171494422,1000,B11/S6/S7 finite small-signal output impedance 100000 Ohm,false,true,0.5905202493095567,0.5905202493095567,0.865480737775395,-1.2548518676364693,0.8654806902216153,-1.2548523448820919,0.721233908518013,41635.1770407707
b11_s6_s7_high_z_100k,1,0.6842063481413245,0.3157936517149442,100000,3.1579365171494422,5000,B11/S6/S7 finite small-signal output impedance 100000 Ohm,false,true,0.5905202493095567,0.5905202493095567,0.8654953447316371,-1.2547052747272405,0.8654953428294523,-1.2547052938170808,0.7212461190245437,41634.46477749374
b11_s6_s7_high_z_100k,1,0.6842063481413245,0.3157936517149442,100000,3.1579365171494422,15000,B11/S6/S7 finite small-signal output impedance 100000 Ohm,false,true,0.5905202493095567,0.5905202493095567,0.8654958857444911,-1.2546998452624814,0.8654958855331369,-1.2546998473835762,0.721246571277614,41634.43839713559
b11_s6_s7_high_z_100k,1,0.6842063481413245,0.3157936517149442,100000,3.1579365171494422,20000,B11/S6/S7 finite small-signal output impedance 100000 Ohm,false,true,0.5905202493095567,0.5905202493095567,0.8654959153311744,-1.2546995483382948,0.8654959152122877,-1.2546995495314104,0.7212465960102399,41634.436954461155
b11_s6_s7_high_z_100k,2,1.0724676770620318,0.9275323228165153,100000,9.275323228165153,40,B11/S6/S7 finite small-signal output impedance 100000 Ohm,true,false,0.7504404901323558,0.7504404901323558,0.6843237922638635,-3.294767207693774,0.684084957490758,-3.2977991855327984,0.570070797908965,20837.325190495874
b11_s6_s7_high_z_100k,2,1.0724676770620318,0.9275323228165153,100000,9.275323228165153,100,B11/S6/S7 finite small-signal output impedance 100000 Ohm,true,false,0.7504404901323558,0.7504404901323558,0.7120959707814712,-2.949229431418347,0.7120561207482172,-2.9497155213424024,0.5933801006235144,20005.900918924202
b11_s6_s7_high_z_100k,2,1.0724676770620318,0.9275323228165153,100000,9.275323228165153,1000,B11/S6/S7 finite small-signal output impedance 100000 Ohm,true,false,0.7504404901323558,0.7504404901323558,0.7177351118959362,-2.880716147677578,0.717734710076652,-2.880721010417155,0.5981122583972099,19845.204329622138
b11_s6_s7_high_z_100k,2,1.0724676770620318,0.9275323228165153,100000,9.275323228165153,5000,B11/S6/S7 finite small-signal output impedance 100000 Ohm,true,false,0.7504404901323558,0.7504404901323558,0.7177904724048314,-2.8800462114868646,0.7177904563307569,-2.880046405997163,0.5981587136089642,19843.639672535814
b11_s6_s7_high_z_100k,2,1.0724676770620318,0.9275323228165153,100000,9.275323228165153,15000,B11/S6/S7 finite small-signal output impedance 100000 Ohm,true,false,0.7504404901323558,0.7504404901323558,0.7177925230475428,-2.8800213969601747,0.717792521261529,-2.880021418572434,0.5981604343846078,19843.581719898022
b11_s6_s7_high_z_100k,2,1.0724676770620318,0.9275323228165153,100000,9.275323228165153,20000,B11/S6/S7 finite small-signal output impedance 100000 Ohm,true,false,0.7504404901323558,0.7504404901323558,0.7177926351925943,-2.8800200399113987,0.7177926341879615,-2.8800200520682937,0.5981605284899679,19843.578550608352
b11_s6_s7_high_z_100k,3,1.405602913890482,1.594397085988065,100000,15.943970859880649,40,B11/S6/S7 finite small-signal output impedance 100000 Ohm,true,false,0.8301522659540768,0.8301522659540768,0.564807772645657,-4.961986706763453,0.564256629486339,-4.970466593345304,0.4702138579052825,15899.494127863827
b11_s6_s7_high_z_100k,3,1.405602913890482,1.594397085988065,100000,15.943970859880649,100,B11/S6/S7 finite small-signal output impedance 100000 Ohm,true,false,0.8301522659540768,0.8301522659540768,0.6062464777200648,-4.347015432492431,0.6061513902122504,-4.348377888864837,0.5051261585102088,14779.073429900394
b11_s6_s7_high_z_100k,3,1.405602913890482,1.594397085988065,100000,15.943970859880649,1000,B11/S6/S7 finite small-signal output impedance 100000 Ohm,true,false,0.8301522659540768,0.8301522659540768,0.6151830697897624,-4.219912501780688,0.6151821040612773,-4.219926137100057,0.5126517533843977,14558.117474587083
b11_s6_s7_high_z_100k,3,1.405602913890482,1.594397085988065,100000,15.943970859880649,5000,B11/S6/S7 finite small-signal output impedance 100000 Ohm,true,false,0.8301522659540768,0.8301522659540768,0.615271750176868,-4.218660496352624,0.615271711541835,-4.218661041769576,0.5127264262848626,14555.958425980527
b11_s6_s7_high_z_100k,3,1.405602913890482,1.594397085988065,100000,15.943970859880649,15000,B11/S6/S7 finite small-signal output impedance 100000 Ohm,true,false,0.8301522659540768,0.8301522659540768,0.6152750354009348,-4.2186141184432016,0.6152750311081289,-4.2186141790451055,0.5127291925901076,14555.8784550577
b11_s6_s7_high_z_100k,3,1.405602913890482,1.594397085988065,100000,15.943970859880649,20000,B11/S6/S7 finite small-signal output impedance 100000 Ohm,true,false,0.8301522659540768,0.8301522659540768,0.6152752150632074,-4.218611582136097,0.6152752126485035,-4.218611616224664,0.512729343873753,14555.874081635222
b11_s6_s7_high_z_100k,5,2.028159567257569,2.9718404325845422,100000,29.718404325845423,40,B11/S6/S7 finite small-signal output impedance 100000 Ohm,true,false,0.9259722082850971,0.9259722082850971,0.4205505114116389,-7.523636691261797,0.4192913332954379,-7.549682286432192,0.349409444412865,12628.086020972965
b11_s6_s7_high_z_100k,5,2.028159567257569,2.9718404325845422,100000,29.718404325845423,100,B11/S6/S7 finite small-signal output impedance 100000 Ohm,true,false,0.9259722082850971,0.9259722082850971,0.47245757426687923,-6.512743683371016,0.4722286019572036,-6.5169542419692394,0.3935238349643364,11171.316890318923
b11_s6_s7_high_z_100k,5,2.028159567257569,2.9718404325845422,100000,29.718404325845423,1000,B11/S6/S7 finite small-signal output impedance 100000 Ohm,true,false,0.9259722082850971,0.9259722082850971,0.4847716777913038,-6.289255224783289,0.4847693232141335,-6.289297412988686,0.40397443601177796,10874.740481503592
b11_s6_s7_high_z_100k,5,2.028159567257569,2.9718404325845422,100000,29.718404325845423,5000,B11/S6/S7 finite small-signal output impedance 100000 Ohm,true,false,0.9259722082850971,0.9259722082850971,0.4848961405897974,-6.287025450592161,0.4848960463805172,-6.287027138152489,0.404080038650431,10871.82494499104
b11_s6_s7_high_z_100k,5,2.028159567257569,2.9718404325845422,100000,29.718404325845423,15000,B11/S6/S7 finite small-signal output impedance 100000 Ohm,true,false,0.9259722082850971,0.9259722082850971,0.48490075227400087,-6.286942842408258,0.4849007418061952,-6.2869430299150935,0.40408395150516263,10871.716947127967
b11_s6_s7_high_z_100k,5,2.028159567257569,2.9718404325845422,100000,29.718404325845423,20000,B11/S6/S7 finite small-signal output impedance 100000 Ohm,true,false,0.9259722082850971,0.9259722082850971,0.48490100447950146,-6.2869383247238355,0.48490099859135743,-6.286938430196436,0.4040841654927979,10871.71104096382
b11_s6_s7_high_z_100k,8,2.923549226268476,5.076450773577584,100000,50.76450773577584,40,B11/S6/S7 finite small-signal output impedance 100000 Ohm,true,false,1.0137641789367122,1.0137641789367122,0.3091364272475061,-10.196996332220905,0.30680240301443257,-10.262824862399793,0.2556686691786938,11025.158268959625
b11_s6_s7_high_z_100k,8,2.923549226268476,5.076450773577584,100000,50.76450773577584,100,B11/S6/S7 finite small-signal output impedance 100000 Ohm,true,false,1.0137641789367122,1.0137641789367122,0.36067964132219815,-8.85756741761714,0.36023223472883775,-8.8683485544559,0.30019352894069806,9312.694912260298
b11_s6_s7_high_z_100k,8,2.923549226268476,5.076450773577584,100000,50.76450773577584,1000,B11/S6/S7 finite small-signal output impedance 100000 Ohm,true,false,1.0137641789367122,1.0137641789367122,0.3741158174157481,-8.539878593525463,0.37411115305410747,-8.539986887217196,0.3117592942117563,8953.111431706531
b11_s6_s7_high_z_100k,8,2.923549226268476,5.076450773577584,100000,50.76450773577584,5000,B11/S6/S7 finite small-signal output impedance 100000 Ohm,true,false,1.0137641789367122,1.0137641789367122,0.3742543375014127,-8.536663152122374,0.37425415084865066,-8.536667484057997,0.3118784590405423,8949.553785585987
b11_s6_s7_high_z_100k,8,2.923549226268476,5.076450773577584,100000,50.76450773577584,15000,B11/S6/S7 finite small-signal output impedance 100000 Ohm,true,false,1.0137641789367122,1.0137641789367122,0.3742594711207972,-8.536544009226398,0.374259450381279,-8.536544490553354,0.3118828753177325,8949.421993737215
b11_s6_s7_high_z_100k,8,2.923549226268476,5.076450773577584,100000,50.76450773577584,20000,B11/S6/S7 finite small-signal output impedance 100000 Ohm,true,false,1.0137641789367122,1.0137641789367122,0.374259751872298,-8.536537493491128,0.3742597402063091,-8.536537764237561,0.31188311683859105,8949.41478631446
b11_s6_s7_high_z_100k,12,4.0901710955179675,7.909828904348616,100000,79.09828904348616,40,B11/S6/S7 finite small-signal output impedance 100000 Ohm,true,false,1.0911990205742832,1.0911990205742832,0.23390748606029185,-12.61911757299609,0.23021779496270256,-12.757222201838065,0.19184816246891886,10198.974127778534
b11_s6_s7_high_z_100k,12,4.0901710955179675,7.909828904348616,100000,79.09828904348616,100,B11/S6/S7 finite small-signal output impedance 100000 Ohm,true,false,1.0911990205742832,1.0911990205742832,0.27863064559339096,-11.09942237560212,0.2778892092330007,-11.122566341282415,0.23157434102750069,8312.928376913356
b11_s6_s7_high_z_100k,12,4.0901710955179675,7.909828904348616,100000,79.09828904348616,1000,B11/S6/S7 finite small-signal output impedance 100000 Ohm,true,false,1.0911990205742832,1.0911990205742832,0.29125027731546616,-10.714673048999565,0.2912424468227699,-10.714906579110954,0.24270203901897494,7906.982827574539
b11_s6_s7_high_z_100k,12,4.0901710955179675,7.909828904348616,100000,79.09828904348616,5000,B11/S6/S7 finite small-signal output impedance 100000 Ohm,true,false,1.0911990205742832,1.0911990205742832,0.29138271246893016,-10.71072436374772,0.2913823990752965,-10.710733705770643,0.24281866589608053,7902.944250522191
b11_s6_s7_high_z_100k,12,4.0901710955179675,7.909828904348616,100000,79.09828904348616,15000,B11/S6/S7 finite small-signal output impedance 100000 Ohm,true,false,1.0911990205742832,1.0911990205742832,0.29138762151787345,-10.710578030089799,0.2913875866956423,-10.710579068095715,0.2428229889130353,7902.794633939143
b11_s6_s7_high_z_100k,12,4.0901710955179675,7.909828904348616,100000,79.09828904348616,20000,B11/S6/S7 finite small-signal output impedance 100000 Ohm,true,false,1.0911990205742832,1.0911990205742832,0.29138788998982373,-10.710570027290489,0.29138787040229674,-10.710570611168917,0.24282322533524728,7902.786451700523
