scenario,drive_v,cmd_v,sag_v,source_ohm,source_current_ua,iterations,diode,vd_v,raw_vd_v,id_ua,gd_us,rd_kohm,in_stated_range,left_path_v,right_path_v
b11_s6_s7_delivery_linear_r3k,0,0,0,3000,0,1,D3_SSD55,0,0,0,0.000001,1000000000,false,0,0
b11_s6_s7_delivery_linear_r3k,0,0,0,3000,0,1,D4_OA154Q,0,0,0,0.000001,1000000000,false,0,0
b11_s6_s7_delivery_linear_r3k,0,0,0,3000,0,1,D2_SSD55,0,0,0,0.000001,1000000000,false,0,0
b11_s6_s7_delivery_linear_r3k,0,0,0,3000,0,1,D1_OA154Q,0,0,0,0.000001,1000000000,false,0,0
b11_s6_s7_delivery_linear_r3k,0.5,0.49545188668113366,0.004548113175135149,3000,1.5160377250450496,51,D3_SSD55,0.22941250792666934,0.22941250792666934,0.1616968981594824,4.480869418807991,223.17097565990258,false,0.4588249623439046,0.45882496234390463
b11_s6_s7_delivery_linear_r3k,0.5,0.49545188668113366,0.004548113175135149,3000,1.5160377250450496,51,D4_OA154Q,0.22941245441723526,0.22941245441723526,0.16169666244041966,4.480863931812021,223.17124894163192,false,0.4588249623439046,0.45882496234390463
b11_s6_s7_delivery_linear_r3k,0.5,0.49545188668113366,0.004548113175135149,3000,1.5160377250450496,51,D2_SSD55,0.22941250792666934,0.22941250792666934,0.1616968981594824,4.480869418807991,223.17097565990258,false,0.4588249623439046,0.45882496234390463
b11_s6_s7_delivery_linear_r3k,0.5,0.49545188668113366,0.004548113175135149,3000,1.5160377250450496,51,D1_OA154Q,0.2294124544172353,0.2294124544172353,0.16169666244041977,4.4808639318120225,223.1712489416318,false,0.4588249623439046,0.45882496234390463
b11_s6_s7_delivery_linear_r3k,1,0.977355524895689,0.022644474960579752,3000,7.548158320193251,51,D3_SSD55,0.36026145862478426,0.36026145862478426,2.714601777344931,47.90336455212969,20.875360412560877,true,0.7205229073517493,0.7205229073517493
b11_s6_s7_delivery_linear_r3k,1,0.977355524895689,0.022644474960579752,3000,7.548158320193251,51,D4_OA154Q,0.36026144872696503,0.36026144872696503,2.714601311214097,47.90335764262346,20.875363423590578,true,0.7205229073517493,0.7205229073517493
b11_s6_s7_delivery_linear_r3k,1,0.977355524895689,0.022644474960579752,3000,7.548158320193251,51,D2_SSD55,0.3602614586247843,0.3602614586247843,2.714601777344934,47.90336455212972,20.875360412560862,true,0.7205229073517493,0.7205229073517493
b11_s6_s7_delivery_linear_r3k,1,0.977355524895689,0.022644474960579752,3000,7.548158320193251,51,D1_OA154Q,0.360261448726965,0.360261448726965,2.714601311214097,47.90335764262346,20.875363423590578,true,0.7205229073517493,0.7205229073517493
b11_s6_s7_delivery_linear_r3k,2,1.9183549655226844,0.08164503435586279,3000,27.21501145195426,53,D3_SSD55,0.456032395726064,0.456032395726064,11.845897089300372,165.13911460454634,6.055500554151994,true,0.91206478579754,0.91206478579754
b11_s6_s7_delivery_linear_r3k,2,1.9183549655226844,0.08164503435586279,3000,27.21501145195426,53,D4_OA154Q,0.456032390071476,0.456032390071476,11.845896171278074,165.13910385439655,6.055500948350196,true,0.91206478579754,0.91206478579754
b11_s6_s7_delivery_linear_r3k,2,1.9183549655226844,0.08164503435586279,3000,27.21501145195426,53,D2_SSD55,0.456032395726064,0.456032395726064,11.845897089300372,165.13911460454634,6.055500554151994,true,0.91206478579754,0.91206478579754
b11_s6_s7_delivery_linear_r3k,2,1.9183549655226844,0.08164503435586279,3000,27.21501145195426,53,D1_OA154Q,0.456032390071476,0.456032390071476,11.845896171278074,165.13910385439655,6.055500948350196,true,0.91206478579754,0.91206478579754
b11_s6_s7_delivery_linear_r3k,3,2.8527854160517077,0.14721458382683927,3000,49.07152794227976,53,D3_SSD55,0.5040139317497014,0.5040139317497014,22.136591076782988,279.219595097923,3.5814105369263123,true,1.0080278585182643,1.008027858518264
b11_s6_s7_delivery_linear_r3k,3,2.8527854160517077,0.14721458382683927,3000,49.07152794227976,53,D4_OA154Q,0.5040139267685627,0.5040139267685627,22.136589709441967,279.21958061049537,3.5814107227493333,true,1.0080278585182643,1.008027858518264
b11_s6_s7_delivery_linear_r3k,3,2.8527854160517077,0.14721458382683927,3000,49.07152794227976,53,D2_SSD55,0.5040139317497014,0.5040139317497014,22.136591076782988,279.219595097923,3.5814105369263123,true,1.0080278585182643,1.008027858518264
b11_s6_s7_delivery_linear_r3k,3,2.8527854160517077,0.14721458382683927,3000,49.07152794227976,53,D1_OA154Q,0.5040139267685626,0.5040139267685626,22.136589709441935,279.219580610495,3.581410722749338,true,1.0080278585182643,1.008027858518264
b11_s6_s7_delivery_linear_r3k,5,4.716403918794795,0.2835960810473166,3000,94.5320270157722,54,D3_SSD55,0.561838556776042,0.561838556776042,43.64323994506697,493.8364428235929,2.024961937361957,true,1.123677108888958,1.1236771088889579
b11_s6_s7_delivery_linear_r3k,5,4.716403918794795,0.2835960810473166,3000,94.5320270157722,54,D4_OA154Q,0.5618385521129161,0.5618385521129161,43.64323768113908,493.83642130528926,2.0249620255971377,true,1.123677108888958,1.1236771088889579
b11_s6_s7_delivery_linear_r3k,5,4.716403918794795,0.2835960810473166,3000,94.5320270157722,54,D2_SSD55,0.561838556776042,0.561838556776042,43.64323994506697,493.8364428235929,2.024961937361957,true,1.123677108888958,1.1236771088889579
b11_s6_s7_delivery_linear_r3k,5,4.716403918794795,0.2835960810473166,3000,94.5320270157722,54,D1_OA154Q,0.5618385521129159,0.5618385521129159,43.64323768113896,493.83642130528807,2.0249620255971426,true,1.123677108888958,1.1236771088889579
b11_s6_s7_delivery_linear_r3k,8,7.507203849958656,0.49279614988740317,3000,164.26538329580106,55,D3_SSD55,0.6149080821374429,0.6149080821374429,76.72000423170948,793.1879511405616,1.2607352375462257,true,1.2298161596493005,1.2298161596493005
b11_s6_s7_delivery_linear_r3k,8,7.507203849958656,0.49279614988740317,3000,164.26538329580106,55,D4_OA154Q,0.6149080775118576,0.6149080775118576,76.72000062471803,793.1879198155028,1.2607352873359468,true,1.2298161596493005,1.2298161596493005
b11_s6_s7_delivery_linear_r3k,8,7.507203849958656,0.49279614988740317,3000,164.26538329580106,55,D2_SSD55,0.6149080821374429,0.6149080821374429,76.72000423170948,793.1879511405616,1.2607352375462257,true,1.2298161596493005,1.2298161596493005
b11_s6_s7_delivery_linear_r3k,8,7.507203849958656,0.49279614988740317,3000,164.26538329580106,55,D1_OA154Q,0.6149080775118576,0.6149080775118576,76.72000062471803,793.1879198155028,1.2607352873359468,true,1.2298161596493005,1.2298161596493005
b11_s6_s7_delivery_linear_r3k,12,11.224984311533941,0.7750156883326422,3000,258.33856277754745,56,D3_SSD55,0.6617609748941033,0.6617609748941033,121.40234157267552,1166.282079356492,0.8574255042585925,true,1.3235219450816587,1.3235219450816595
b11_s6_s7_delivery_linear_r3k,12,11.224984311533941,0.7750156883326422,3000,258.33856277754745,56,D4_OA154Q,0.6617609701875553,0.6617609701875553,121.40233617622239,1166.2820358088907,0.8574255362738539,true,1.3235219450816587,1.3235219450816595
b11_s6_s7_delivery_linear_r3k,12,11.224984311533941,0.7750156883326422,3000,258.33856277754745,56,D2_SSD55,0.6617609748941033,0.6617609748941033,121.40234157267552,1166.282079356492,0.8574255042585925,true,1.3235219450816587,1.3235219450816595
b11_s6_s7_delivery_linear_r3k,12,11.224984311533941,0.7750156883326422,3000,258.33856277754745,56,D1_OA154Q,0.6617609701875562,0.6617609701875562,121.40233617622329,1166.282035808898,0.8574255362738483,true,1.3235219450816587,1.3235219450816595
b11_s6_s7_delivery_linear_r10k,0,0,0,10000,0,1,D3_SSD55,0,0,0,0.000001,1000000000,false,0,0
b11_s6_s7_delivery_linear_r10k,0,0,0,10000,0,1,D4_OA154Q,0,0,0,0.000001,1000000000,false,0,0
b11_s6_s7_delivery_linear_r10k,0,0,0,10000,0,1,D2_SSD55,0,0,0,0.000001,1000000000,false,0,0
b11_s6_s7_delivery_linear_r10k,0,0,0,10000,0,1,D1_OA154Q,0,0,0,0.000001,1000000000,false,0,0
b11_s6_s7_delivery_linear_r10k,0.5,0.4854130588054539,0.014586941050814928,10000,1.4586941050814928,51,D3_SSD55,0.22530333356907478,0.22530333356907478,0.14442503109977362,4.07523393277328,245.3846862527177,false,0.4506066094964222,0.4506066094964222
b11_s6_s7_delivery_linear_r10k,0.5,0.4854130588054539,0.014586941050814928,10000,1.4586941050814928,51,D4_OA154Q,0.22530327592734742,0.22530327592734742,0.1444248001638131,4.075228459073411,245.385015844577,false,0.4506066094964222,0.4506066094964222
b11_s6_s7_delivery_linear_r10k,0.5,0.4854130588054539,0.014586941050814928,10000,1.4586941050814928,51,D2_SSD55,0.22530333356907475,0.22530333356907475,0.1444250310997735,4.075233932773277,245.38468625271784,false,0.4506066094964222,0.4506066094964222
b11_s6_s7_delivery_linear_r10k,0.5,0.4854130588054539,0.014586941050814928,10000,1.4586941050814928,51,D1_OA154Q,0.22530327592734745,0.22530327592734745,0.14442480016381323,4.075228459073414,245.3850158445768,false,0.4506066094964222,0.4506066094964222
b11_s6_s7_delivery_linear_r10k,1,0.9322991615803013,0.0677008382759674,10000,6.77008382759674,51,D3_SSD55,0.3523628762914008,0.3523628762914008,2.3633784713955683,42.640355845858345,23.451961883595068,true,0.7047257419784936,0.7047257419784936
b11_s6_s7_delivery_linear_r10k,1,0.9322991615803013,0.0677008382759674,10000,6.77008382759674,51,D4_OA154Q,0.35236286568709274,0.35236286568709274,2.3633780268610938,42.64034910876934,23.451965588957655,true,0.7047257419784936,0.7047257419784936
b11_s6_s7_delivery_linear_r10k,1,0.9322991615803013,0.0677008382759674,10000,6.77008382759674,51,D2_SSD55,0.35236287629140084,0.35236287629140084,2.3633784713955706,42.64035584585838,23.45196188359505,true,0.7047257419784936,0.7047257419784936
b11_s6_s7_delivery_linear_r10k,1,0.9322991615803013,0.0677008382759674,10000,6.77008382759674,51,D1_OA154Q,0.35236286568709274,0.35236286568709274,2.3633780268610938,42.64034910876934,23.451965588957655,true,0.7047257419784936,0.7047257419784936
b11_s6_s7_delivery_linear_r10k,2,1.7628560899624073,0.23714390991613987,10000,23.71439099161399,53,D3_SSD55,0.44528304903775284,0.44528304903775284,10.205184892937098,145.70095766904944,6.863372870008425,true,0.8905660921882914,0.8905660921882914
b11_s6_s7_delivery_linear_r10k,2,1.7628560899624073,0.23714390991613987,10000,23.71439099161399,53,D4_OA154Q,0.4452830431505385,0.4452830431505385,10.205184049651729,145.70094755569139,6.863373346407161,true,0.8905660921882914,0.8905660921882914
b11_s6_s7_delivery_linear_r10k,2,1.7628560899624073,0.23714390991613987,10000,23.71439099161399,53,D2_SSD55,0.44528304903775284,0.44528304903775284,10.205184892937098,145.70095766904944,6.863372870008425,true,0.8905660921882914,0.8905660921882914
b11_s6_s7_delivery_linear_r10k,2,1.7628560899624073,0.23714390991613987,10000,23.71439099161399,53,D1_OA154Q,0.4452830431505385,0.4452830431505385,10.205184049651729,145.70094755569139,6.863373346407161,true,0.8905660921882914,0.8905660921882914
b11_s6_s7_delivery_linear_r10k,3,2.5752708166650384,0.4247291832135085,10000,42.472918321350846,53,D3_SSD55,0.49194060935482775,0.49194060935482775,19.02387909583594,245.8465363696261,4.067578151666603,true,0.9838812136045648,0.9838812136045649
b11_s6_s7_delivery_linear_r10k,3,2.5752708166650384,0.4247291832135085,10000,42.472918321350846,53,D4_OA154Q,0.49194060424973707,0.49194060424973707,19.02387786196463,245.84652297550647,4.0675783732748965,true,0.9838812136045648,0.9838812136045649
b11_s6_s7_delivery_linear_r10k,3,2.5752708166650384,0.4247291832135085,10000,42.472918321350846,53,D2_SSD55,0.49194060935482775,0.49194060935482775,19.02387909583594,245.8465363696261,4.067578151666603,true,0.9838812136045648,0.9838812136045649
b11_s6_s7_delivery_linear_r10k,3,2.5752708166650384,0.4247291832135085,10000,42.472918321350846,53,D1_OA154Q,0.4919406042497372,0.4919406042497372,19.023877861964653,245.84652297550673,4.067578373274892,true,0.9838812136045648,0.9838812136045649
b11_s6_s7_delivery_linear_r10k,5,4.185581096371762,0.8144189034703491,10000,81.4418903470349,54,D3_SSD55,0.5482318375863788,0.5482318375863788,37.44306916085531,434.19506091070957,2.3031123336652737,true,1.0964636704674553,1.0964636704674555
b11_s6_s7_delivery_linear_r10k,5,4.185581096371762,0.8144189034703491,10000,81.4418903470349,54,D4_OA154Q,0.5482318328810765,0.5482318328810765,37.44306715234193,434.1950413462681,2.303112437441462,true,1.0964636704674553,1.0964636704674555
b11_s6_s7_delivery_linear_r10k,5,4.185581096371762,0.8144189034703491,10000,81.4418903470349,54,D2_SSD55,0.5482318375863788,0.5482318375863788,37.44306916085531,434.19506091070957,2.3031123336652737,true,1.0964636704674553,1.0964636704674555
b11_s6_s7_delivery_linear_r10k,5,4.185581096371762,0.8144189034703491,10000,81.4418903470349,54,D1_OA154Q,0.5482318328810767,0.5482318328810767,37.443067152342024,434.19504134626897,2.3031124374414578,true,1.0964636704674553,1.0964636704674555
b11_s6_s7_delivery_linear_r10k,8,6.588208595514073,1.4117914043319866,10000,141.17914043319865,55,D3_SSD55,0.5999319828938305,0.5999319828938305,65.76312689947987,696.8802095088311,1.434966851339933,true,1.1998639611684094,1.1998639611684094
b11_s6_s7_delivery_linear_r10k,8,6.588208595514073,1.4117914043319866,10000,141.17914043319865,55,D4_OA154Q,0.5999319782745789,0.5999319782745789,65.76312373478335,696.8801813388189,1.4349669093456485,true,1.1998639611684094,1.1998639611684094
b11_s6_s7_delivery_linear_r10k,8,6.588208595514073,1.4117914043319866,10000,141.17914043319865,55,D2_SSD55,0.5999319828938305,0.5999319828938305,65.76312689947987,696.8802095088311,1.434966851339933,true,1.1998639611684094,1.1998639611684094
b11_s6_s7_delivery_linear_r10k,8,6.588208595514073,1.4117914043319866,10000,141.17914043319865,55,D1_OA154Q,0.5999319782745789,0.5999319782745789,65.76312373478335,696.8801813388189,1.4349669093456485,true,1.1998639611684094,1.1998639611684094
b11_s6_s7_delivery_linear_r10k,12,9.78258609145529,2.2174139084112934,10000,221.74139084112934,56,D3_SSD55,0.6455946275082098,0.6455946275082098,104.01459506784117,1024.2643725250582,0.9763104397888597,true,1.29118925034678,1.29118925034678
b11_s6_s7_delivery_linear_r10k,12,9.78258609145529,2.2174139084112934,10000,221.74139084112934,56,D4_OA154Q,0.64559462283857,0.64559462283857,104.01459036567722,1024.264333629963,0.9763104768629686,true,1.29118925034678,1.29118925034678
b11_s6_s7_delivery_linear_r10k,12,9.78258609145529,2.2174139084112934,10000,221.74139084112934,56,D2_SSD55,0.6455946275082098,0.6455946275082098,104.01459506784117,1024.2643725250582,0.9763104397888597,true,1.29118925034678,1.29118925034678
b11_s6_s7_delivery_linear_r10k,12,9.78258609145529,2.2174139084112934,10000,221.74139084112934,56,D1_OA154Q,0.64559462283857,0.64559462283857,104.01459036567722,1024.264333629963,0.9763104768629686,true,1.29118925034678,1.29118925034678
b11_s7_detector_r31_51k,0,0,0,51000,0,1,D3_SSD55,0,0,0,0.000001,1000000000,false,0,0
b11_s7_detector_r31_51k,0,0,0,51000,0,1,D4_OA154Q,0,0,0,0.000001,1000000000,false,0,0
b11_s7_detector_r31_51k,0,0,0,51000,0,1,D2_SSD55,0,0,0,0.000001,1000000000,false,0,0
b11_s7_detector_r31_51k,0,0,0,51000,0,1,D1_OA154Q,0,0,0,0.000001,1000000000,false,0,0
b11_s7_detector_r31_51k,0.5,0.4377561006080548,0.062243899248213996,51000,1.2204686127100783,51,D3_SSD55,0.20510751002308195,0.20510751002308195,0.08030260332307532,2.4890049145886515,401.76698492588804,false,0.4102149349450327,0.4102149349450327
b11_s7_detector_r31_51k,0.5,0.4377561006080548,0.062243899248213996,51000,1.2204686127100783,51,D4_OA154Q,0.20510742492195078,0.20510742492195078,0.08030239508365815,2.4889994928516748,401.76786008674065,false,0.4102149349450327,0.4102149349450327
b11_s7_detector_r31_51k,0.5,0.4377561006080548,0.062243899248213996,51000,1.2204686127100783,51,D2_SSD55,0.20510751002308195,0.20510751002308195,0.08030260332307532,2.4890049145886515,401.76698492588804,false,0.4102149349450327,0.4102149349450327
b11_s7_detector_r31_51k,0.5,0.4377561006080548,0.062243899248213996,51000,1.2204686127100783,51,D1_OA154Q,0.20510742492195078,0.20510742492195078,0.08030239508365815,2.4889994928516748,401.76786008674065,false,0.4102149349450327,0.4102149349450327
b11_s7_detector_r31_51k,1,0.7776761445924518,0.22232385526381693,51000,4.359291279682685,51,D3_SSD55,0.32000434204931927,0.32000434204931927,1.2944016410934303,25.715257373287557,38.8874194601209,false,0.64000866944388,0.64000866944388
b11_s7_detector_r31_51k,1,0.7776761445924518,0.22232385526381693,51000,4.359291279682685,51,D4_OA154Q,0.32000432739456075,0.32000432739456075,1.2944012706074175,25.715251190662162,38.88742880968336,false,0.64000866944388,0.64000866944388
b11_s7_detector_r31_51k,1,0.7776761445924518,0.22232385526381693,51000,4.359291279682685,51,D2_SSD55,0.32000434204931927,0.32000434204931927,1.2944016410934303,25.715257373287557,38.8874194601209,false,0.64000866944388,0.64000866944388
b11_s7_detector_r31_51k,1,0.7776761445924518,0.22232385526381693,51000,4.359291279682685,51,D1_OA154Q,0.32000432739456075,0.32000432739456075,1.2944012706074175,25.715251190662162,38.88742880968336,false,0.64000866944388,0.64000866944388
b11_s7_detector_r31_51k,2,1.2993880953853643,0.7006119044931829,51000,13.737488323395743,53,D3_SSD55,0.4039946272419982,0.4039946272419982,5.555105278394208,87.41669766869329,11.439462101279215,true,0.8079892472621968,0.8079892472621968
b11_s7_detector_r31_51k,2,1.2993880953853643,0.7006119044931829,51000,13.737488323395743,53,D4_OA154Q,0.4039946200201986,0.4039946200201986,5.555104657750815,87.41668946473338,11.43946317486012,true,0.8079892472621968,0.8079892472621968
b11_s7_detector_r31_51k,2,1.2993880953853643,0.7006119044931829,51000,13.737488323395743,53,D2_SSD55,0.4039946272419982,0.4039946272419982,5.555105278394208,87.41669766869329,11.439462101279215,true,0.8079892472621968,0.8079892472621968
b11_s7_detector_r31_51k,2,1.2993880953853643,0.7006119044931829,51000,13.737488323395743,53,D1_OA154Q,0.4039946200201986,0.4039946200201986,5.555104657750815,87.41668946473338,11.43946317486012,true,0.8079892472621968,0.8079892472621968
b11_s7_detector_r31_51k,3,1.775808805945244,1.224191193933303,51000,24.003748900652997,53,D3_SSD55,0.446223727381146,0.446223727381146,10.340677234794335,147.324173945943,6.787752296285914,true,0.8924474488969631,0.8924474488969634
b11_s7_detector_r31_51k,3,1.775808805945244,1.224191193933303,51000,24.003748900652997,53,D4_OA154Q,0.4462237215158172,0.4462237215158172,10.34067638528395,147.32416377940675,6.787752764694679,true,0.8924474488969631,0.8924474488969634
b11_s7_detector_r31_51k,3,1.775808805945244,1.224191193933303,51000,24.003748900652997,53,D2_SSD55,0.446223727381146,0.446223727381146,10.340677234794335,147.324173945943,6.787752296285914,true,0.8924474488969631,0.8924474488969634
b11_s7_detector_r31_51k,3,1.775808805945244,1.224191193933303,51000,24.003748900652997,53,D1_OA154Q,0.4462237215158173,0.4462237215158173,10.340676385283967,147.32416377940694,6.787752764694671,true,0.8924474488969631,0.8924474488969634
b11_s7_detector_r31_51k,5,2.6923436287199616,2.3076563711221496,51000,45.24816413964999,54,D3_SSD55,0.4972051089324401,0.4972051089324401,20.332568805506124,259.9766599028727,3.8464991448601578,true,0.9944102128169651,0.9944102128169651
b11_s7_detector_r31_51k,5,2.6923436287199616,2.3076563711221496,51000,45.24816413964999,54,D4_OA154Q,0.497205103884525,0.497205103884525,20.33256751533085,259.9766460458442,3.8464993498826057,true,0.9944102128169651,0.9944102128169651
b11_s7_detector_r31_51k,5,2.6923436287199616,2.3076563711221496,51000,45.24816413964999,54,D2_SSD55,0.4972051089324401,0.4972051089324401,20.332568805506124,259.9766599028727,3.8464991448601578,true,0.9944102128169651,0.9944102128169651
b11_s7_detector_r31_51k,5,2.6923436287199616,2.3076563711221496,51000,45.24816413964999,54,D1_OA154Q,0.497205103884525,0.497205103884525,20.33256751533085,259.9766460458442,3.8464993498826057,true,0.9944102128169651,0.9944102128169651
b11_s7_detector_r31_51k,8,4.035012793122399,3.9649872067236602,51000,77.74484719066,55,D3_SSD55,0.5440486008925547,0.5440486008925547,35.692787890737534,417.08105652763504,2.3976154858851566,true,1.0880971970634177,1.088097197063418
b11_s7_detector_r31_51k,8,4.035012793122399,3.9649872067236602,51000,77.74484719066,55,D4_OA154Q,0.544048596170863,0.544048596170863,35.69278595467044,417.08103752386853,2.3976155951294538,true,1.0880971970634177,1.088097197063418
b11_s7_detector_r31_51k,8,4.035012793122399,3.9649872067236602,51000,77.74484719066,55,D2_SSD55,0.5440486008925551,0.5440486008925551,35.69278789073771,417.0810565276368,2.397615485885146,true,1.0880971970634177,1.088097197063418
b11_s7_detector_r31_51k,8,4.035012793122399,3.9649872067236602,51000,77.74484719066,55,D1_OA154Q,0.5440485961708628,0.5440485961708628,35.69278595467035,417.08103752386756,2.397615595129459,true,1.0880971970634177,1.088097197063418
b11_s7_detector_r31_51k,12,5.802381993877804,6.1976180059887795,51000,121.5219216860545,56,D3_SSD55,0.5854316892925406,0.5854316892925406,56.437956278382075,612.8761813996534,1.6316509441046545,true,1.170863373960361,1.170863373960361
b11_s7_detector_r31_51k,12,5.802381993877804,6.1976180059887795,51000,121.5219216860545,56,D4_OA154Q,0.5854316846678205,0.5854316846678205,56.437953491872626,612.8761559816594,1.6316510117745966,true,1.170863373960361,1.170863373960361
b11_s7_detector_r31_51k,12,5.802381993877804,6.1976180059887795,51000,121.5219216860545,56,D2_SSD55,0.5854316892925406,0.5854316892925406,56.437956278382075,612.8761813996534,1.6316509441046545,true,1.170863373960361,1.170863373960361
b11_s7_detector_r31_51k,12,5.802381993877804,6.1976180059887795,51000,121.5219216860545,56,D1_OA154Q,0.5854316846678205,0.5854316846678205,56.437953491872626,612.8761559816594,1.6316510117745966,true,1.170863373960361,1.170863373960361
b11_s6_s7_high_z_100k,0,0,0,100000,0,1,D3_SSD55,0,0,0,0.000001,1000000000,false,0,0
b11_s6_s7_high_z_100k,0,0,0,100000,0,1,D4_OA154Q,0,0,0,0.000001,1000000000,false,0,0
b11_s6_s7_high_z_100k,0,0,0,100000,0,1,D2_SSD55,0,0,0,0.000001,1000000000,false,0,0
b11_s6_s7_high_z_100k,0,0,0,100000,0,1,D1_OA154Q,0,0,0,0.000001,1000000000,false,0,0
b11_s6_s7_high_z_100k,0.5,0.3952321164110453,0.10476788344522353,100000,1.0476788344522354,51,D3_SSD55,0.1862814320646995,0.1862814320646995,0.04399513552295488,1.5014566006792571,666.0199166246972,false,0.3725627367681751,0.3725627367681751
b11_s6_s7_high_z_100k,0.5,0.3952321164110453,0.10476788344522353,100000,1.0476788344522354,51,D4_OA154Q,0.1862813047034756,0.1862813047034756,0.04399494752568017,1.5014512112954668,666.0223072697714,false,0.3725627367681751,0.3725627367681751
b11_s6_s7_high_z_100k,0.5,0.3952321164110453,0.10476788344522353,100000,1.0476788344522354,51,D2_SSD55,0.18628143206469952,0.18628143206469952,0.04399513552295491,1.501456600679258,666.0199166246967,false,0.3725627367681751,0.3725627367681751
b11_s6_s7_high_z_100k,0.5,0.3952321164110453,0.10476788344522353,100000,1.0476788344522354,51,D1_OA154Q,0.18628130470347556,0.18628130470347556,0.04399494752568012,1.5014512112954652,666.0223072697721,false,0.3725627367681751,0.3725627367681751
b11_s6_s7_high_z_100k,1,0.6842063481413245,0.3157936517149442,100000,3.1579365171494422,51,D3_SSD55,0.2952601344859337,0.2952601344859337,0.7827533639396779,16.853799424620785,59.33380211818322,false,0.5905202493095567,0.5905202493095567
b11_s6_s7_high_z_100k,1,0.6842063481413245,0.3157936517149442,100000,3.1579365171494422,51,D4_OA154Q,0.29526011482362297,0.29526011482362297,0.7827530381520214,16.853793532294276,59.33382286212639,false,0.5905202493095567,0.5905202493095567
b11_s6_s7_high_z_100k,1,0.6842063481413245,0.3157936517149442,100000,3.1579365171494422,51,D2_SSD55,0.2952601344859337,0.2952601344859337,0.7827533639396779,16.853799424620785,59.33380211818322,false,0.5905202493095567,0.5905202493095567
b11_s6_s7_high_z_100k,1,0.6842063481413245,0.3157936517149442,100000,3.1579365171494422,51,D1_OA154Q,0.29526011482362297,0.29526011482362297,0.7827530381520214,16.853793532294276,59.33382286212639,false,0.5905202493095567,0.5905202493095567
b11_s6_s7_high_z_100k,2,1.0724676770620318,0.9275323228165153,100000,9.275323228165153,53,D3_SSD55,0.37522024945444177,0.37522024945444177,3.500531854423077,59.309663201602824,16.86065888792596,true,0.7504404901323558,0.7504404901323558
b11_s6_s7_high_z_100k,2,1.0724676770620318,0.9275323228165153,100000,9.275323228165153,53,D4_OA154Q,0.3752202406779141,0.3752202406779141,3.5005313426817577,59.30965591842022,16.860660958402608,true,0.7504404901323558,0.7504404901323558
b11_s6_s7_high_z_100k,2,1.0724676770620318,0.9275323228165153,100000,9.275323228165153,53,D2_SSD55,0.37522024945444177,0.37522024945444177,3.500531854423077,59.309663201602824,16.86065888792596,true,0.7504404901323558,0.7504404901323558
b11_s6_s7_high_z_100k,2,1.0724676770620318,0.9275323228165153,100000,9.275323228165153,53,D1_OA154Q,0.37522024067791404,0.37522024067791404,3.500531342681754,59.309655918420155,16.860660958402626,true,0.7504404901323558,0.7504404901323558
b11_s6_s7_high_z_100k,3,1.405602913890482,1.594397085988065,100000,15.943970859880649,53,D3_SSD55,0.4150761363671621,0.4150761363671621,6.5787501776201704,100.76119763791215,9.9244552808267,true,0.8301522659540768,0.8301522659540768
b11_s6_s7_high_z_100k,3,1.405602913890482,1.594397085988065,100000,15.943970859880649,53,D4_OA154Q,0.4150761295869147,0.4150761295869147,6.578749505973031,100.76118899678518,9.924456131932955,true,0.8301522659540768,0.8301522659540768
b11_s6_s7_high_z_100k,3,1.405602913890482,1.594397085988065,100000,15.943970859880649,53,D2_SSD55,0.4150761363671621,0.4150761363671621,6.5787501776201704,100.76119763791215,9.9244552808267,true,0.8301522659540768,0.8301522659540768
b11_s6_s7_high_z_100k,3,1.405602913890482,1.594397085988065,100000,15.943970859880649,53,D1_OA154Q,0.4150761295869147,0.4150761295869147,6.578749505973031,100.76118899678518,9.924456131932955,true,0.8301522659540768,0.8301522659540768
b11_s6_s7_high_z_100k,5,2.028159567257569,2.9718404325845422,100000,29.718404325845423,54,D3_SSD55,0.4629861069040502,0.4629861069040502,13.021007956646079,178.79457482967516,5.593010867094982,true,0.9259722082850971,0.9259722082850971
b11_s6_s7_high_z_100k,5,2.028159567257569,2.9718404325845422,100000,29.718404325845423,54,D4_OA154Q,0.4629861013810469,0.4629861013810469,13.021006985841204,178.79456363217773,5.593011217372548,true,0.9259722082850971,0.9259722082850971
b11_s6_s7_high_z_100k,5,2.028159567257569,2.9718404325845422,100000,29.718404325845423,54,D2_SSD55,0.4629861069040502,0.4629861069040502,13.021007956646079,178.79457482967516,5.593010867094982,true,0.9259722082850971,0.9259722082850971
b11_s6_s7_high_z_100k,5,2.028159567257569,2.9718404325845422,100000,29.718404325845423,54,D1_OA154Q,0.4629861013810469,0.4629861013810469,13.021006985841204,178.79456363217773,5.593011217372548,true,0.9259722082850971,0.9259722082850971
b11_s6_s7_high_z_100k,8,2.923549226268476,5.076450773577584,100000,50.76450773577584,55,D3_SSD55,0.5068820919460002,0.5068820919460002,22.935767878492335,287.66301526115166,3.4762897798737216,true,1.0137641789367122,1.0137641789367122
b11_s6_s7_high_z_100k,8,2.923549226268476,5.076450773577584,100000,50.76450773577584,55,D4_OA154Q,0.506882086990712,0.506882086990712,22.935766477114456,287.6630004971091,3.476289958291141,true,1.0137641789367122,1.0137641789367122
b11_s6_s7_high_z_100k,8,2.923549226268476,5.076450773577584,100000,50.76450773577584,55,D2_SSD55,0.5068820919460002,0.5068820919460002,22.935767878492335,287.66301526115166,3.4762897798737216,true,1.0137641789367122,1.0137641789367122
b11_s6_s7_high_z_100k,8,2.923549226268476,5.076450773577584,100000,50.76450773577584,55,D1_OA154Q,0.5068820869907121,0.5068820869907121,22.93576647711449,287.6630004971094,3.4762899582911375,true,1.0137641789367122,1.0137641789367122
b11_s6_s7_high_z_100k,12,4.0901710955179675,7.909828904348616,100000,79.09828904348616,56,D3_SSD55,0.5455995126448481,0.5455995126448481,36.33349668223012,423.3610636875798,2.362049998858544,true,1.0911990205742832,1.0911990205742832
b11_s6_s7_high_z_100k,12,4.0901710955179675,7.909828904348616,100000,79.09828904348616,56,D4_OA154Q,0.5455995079294351,0.5455995079294351,36.333494719624845,423.361044478084,2.362050106033709,true,1.0911990205742832,1.0911990205742832
b11_s6_s7_high_z_100k,12,4.0901710955179675,7.909828904348616,100000,79.09828904348616,56,D2_SSD55,0.5455995126448481,0.5455995126448481,36.33349668223012,423.3610636875798,2.362049998858544,true,1.0911990205742832,1.0911990205742832
b11_s6_s7_high_z_100k,12,4.0901710955179675,7.909828904348616,100000,79.09828904348616,56,D1_OA154Q,0.5455995079294351,0.5455995079294351,36.333494719624845,423.361044478084,2.362050106033709,true,1.0911990205742832,1.0911990205742832
